path	sha256	reviewed_scope	important_call_links	findings_or_uncertainty	related_check
Editor/Graph/GraphExampleDefinition.cs	5F39168894A7F54D490367114C1E578CC5EB72FFEAC6057F9C09D9D816CECB0D	New full first-party fixture; IDs, stats, activities, actors, presentation, choices, translations and placeholder appearance keys reviewed.	GraphShowcaseBuilder.Definition and Graph test Setup consume the same generated definition.	Placeholder appearance keys do not provide art; consumer sample remains editable.	GraphWorkbench 36/36; KoreanWorkbench 3/3; Graph direct smoke PASS
Editor/Graph/Tests/PlaythroughSharedFlowTests.cs	AAB10E4EEE5136D93BDC35E33FAA474E7BE91B9603C2ACE810AE67E6FCF04D2E	New Studio and Composer expanded-choice UI tree regressions and load-draft regression read in full.	GameSession.PerformActivity to StudioWindow.Render; RaiseArcFlowReuse.Expand to SampleGameController.Draw to ComposedScreen.Draw; host.Load to local plan clear.	Composer localization fixture uses a temporary project-owned table and removes it after each test; actual human UI still pending.	Studio 1/1; Composer preview 1/1; Composer load 1/1; full EditMode 74/74
Editor/Graph/Tests/RaiseArcTimePlanTests.cs	9C5CD4BB90A7173E150F6C5B0709DA8A27FFDF0F4711432CF3D70D6D5012F4DE	RA-09 exception-and-retry test and surrounding plan tests reread.	RaiseArcGame.RunPlan to Host.Resume to Changed callback exception; finally clears running handle; second run completes retained plan.	Injected exception only; actual player interaction remains pending.	Targeted 1/1; full EditMode 74/74
Editor/Integration/AuthoringPipeServer.cs	82424C8C7882ED4F74916062261418177E6100D113A0F4DD567730F9A4DBEE2E	Start/Stop/Serve lifetime and cancellation paths reread after crash fix.	Start stores Serve task; Stop cancels requests and pipe, waits for task before disposing token source; reload/quitting invoke Stop.	A five-second stop timeout remains explicit; actual installed MCP transport needs repeat on final Git candidate.	Previously crashing pipe target 1/1; full EditMode 74/74
Editor/StudioWindow.cs	D0B6A7F255FBE889A4A23A735E05734E348AA374442DCF00CA23C10E919F391B	SaveChanges and Mutate persistence order reread.	Overview draft clears only after SaveAssetIfDirty returns; service.Replace uses revision check; Safe reports failures.	Disk failure injection remains unavailable; in-memory service revision after write failure requires a later recovery test.	Full EditMode 74/74
Runtime/Composer/SampleGameController.Template.cs	76A04B013F8FD4892E256066D2FD8CF2D1E3690CDC871445FACC146198C71B5D	Template load action and plan draft rendering reread.	Toolbar load calls LoadAndClearDraft; draft list is retained if Load throws.	Actual UI interaction pending.	Composer load 1/1; full EditMode 74/74
Runtime/Composer/SampleGameController.cs	9C794FB8AFDE486B912E08E3B6352C5CE32B228184F7BF2DE8B9AD365978B7A5	Start, Draw, composition callback, normal load and plan draft code reread.	Expanded playbackEvents feed composition and normal event body; all load callbacks clear local draft only after host.Load succeeds.	Actual UI interaction pending.	Composer preview 1/1; Composer load 1/1; full EditMode 74/74
Editor/Graph/GraphShowcaseBuilder.cs	04514B02CF9BDAADA2EF9D843BCE113130671C3A44E772FF3FBDA227261C5FF4	Pinned full-source read plus current Definition/Create/OpenSample diff reviewed.	Create calls generated definition and writes a unique asset under consumer Assets; OpenSample opens that asset.	No excluded JSON read; real menu click still awaits desktop validation.	KoreanWorkbench 3/3; Graph direct smoke PASS
Editor/Graph/GraphWorkbenchWindow.cs	07BFB42039D92DDB8BAE12C3A0856606450FA77D4DFF840B68CDA6DBBF94F208	Pinned full-source read plus Open and null-asset Reload diff reviewed.	Open preserves same-project draft; project switch passes LeaveInspector and confirmation; Reload clears stale API state.	Different-project confirmation and null picker need actual UI input.	GraphWorkbench 36/36 including ReopeningSameProjectKeepsPendingDraft
Editor/Graph/Tests/EndingReplayPersistenceTests.cs	E82D8BE27784CBCA0ABAB42FC9D953E0DB6A38B458249C6526918DC5227BF689	New full test and isolation cleanup reviewed.	Reflection invokes EndingReplayJobs.Finish with a blocked output directory then Update.	Tests internal method and persistence failure, not the full replay UI.	EndingReplayPersistence 1/1
Editor/Graph/Tests/GraphWorkbenchTests.cs	B065E78EE0A814F0110013DBE80E3906C5CC6AC4D19F7A89254DA4E208C893FA	Pinned full-source read plus fixture Setup and reopening regression diff reviewed.	GraphExampleDefinition supplies content; Stage/CreateNode then Open tests draft identity and revision.	UI Test Runner exercises editor elements in batchmode with graphics.	GraphWorkbench 36/36
Editor/Graph/Tests/KoreanWorkbenchTests.cs	801979543E9B9174107348533A2923AA9C41B87A3250555D7AF421D1F18012A3	Pinned full-source read plus fixture substitution diff reviewed.	GraphShowcaseBuilder.Definition feeds Korean catalog and three branch checks.	No actual human UI evaluation.	KoreanWorkbench 3/3
Editor/Graph/Tests/PlaythroughSharedFlowTests.cs	F86D0998BDB3BB80B934C6227477C74BF56A9B2854817FA2A53BF0AD10C6D466	Pinned full-source read plus random-candidate regression reviewed.	GameSession.Advance discards candidate; reflection checks RuntimeObservations after CommitFrom.	Reflection probes internal analysis buffer; no UI claim.	PlaythroughSharedFlow 2/2
Editor/Graph/Tests/RaiseArcScreenCompositionTests.cs	E80C9B36821B6E910FB7F419D3158242754615CDDBD5C4FF9424B1DF96DD3D18	Pinned full-source read plus Basic Game Setup draft and cross-game localization isolation tests reviewed.	BasicGameSetup Reload/project switch; LocalizationTableBridge Sync(A) then Sync(B) and serialized shared-object comparison.	No actual user input; temp localization assets cleaned in finally.	ScreenComposition 7/7
Editor/Graph/Tests/RaiseArcSimulationWindowTests.cs	36355DCD043D9E8B003D71856769CD688DCCC9D394F6445ACF60A9311D29BE8C	Pinned full-source read plus independent fixture substitution reviewed.	Fixture provides reachable accept choice for result navigation.	Visual navigation outside Test Runner remains unconfirmed.	SimulationWindow 2/2
Editor/Localization/LocalizationTableBridge.cs	F298A23117D7A503B30B7E8AB6BC77FC39B714A4AF5154AAB54D1B093412FEEE	Pinned full-source read plus shared-settings isolation diff reviewed.	Sync validates owned collections; only new locales get fallback metadata; active settings policy initialized only when created.	Different per-game default/fallback cannot override project-global runtime policy; document limitation.	ScreenComposition localization isolation 7/7
Editor/Localization/RaiseArcBasicGameSetup.cs	C45F3357D99CFF1D788A86B8773B35FFFFA535371E0E99866FD1D81CC05D0FF3	Pinned full-source read plus Open same/different project diff reviewed.	Open preserves same-project draft and refuses different project when screen differs from baseline.	Actual Basic Setup button interactions remain UI pending.	ScreenComposition 7/7; direct draft smoke PASS
Editor/Localization/RaiseArcGameScreenBuild.cs	5353F2FC39D4FD9BDB23C39D66264DEBD36035B01FDE73B83634158CF4E08BD6	Pinned full-source read plus successful Apply baseline update diff reviewed.	ApplyToGame persists screen then updates screenRevision/baseline and clears selected images.	Persistence failure behavior unchanged and not fault injected.	ScreenComposition 7/7
Editor/Localization/RaiseArcGameSetupWindow.cs	ED573DF6DFAA132936EEADD15C22918CDCD721AECB55FB73C575417CB557CEB5	Pinned full-source read plus HasUnsavedScreen/Reload/project switch/create-game diff reviewed.	Draft JSON baseline governs Undo refresh, project picker, Create another game and explicit reopen.	Image assignments are included; actual UI clicks remain pending.	ScreenComposition 7/7; direct draft smoke PASS
Editor/StudioWindow.Tools.cs	9967BF29637F4A17851E2069886AEDFF93740B43DA2ECA362A0B55E0E2CE7F3E	Pinned full-source read plus shared-flow preview expansion and missing-reference guards reviewed.	DrawPreview expands authored event with RaiseArcFlowReuse before step/choice lookup, matching GameSession expansion.	Specific Studio preview UI regression remains pending.	Unity compile; PlaythroughSharedFlow 2/2
Runtime/Core/Simulation/GameSession.cs	6126D1036C89DABEA499BCE84393963CC75A5B14F197A7988C03096774170701	Pinned full-source read plus discarded RandomEffect branch and callers reviewed.	Advance candidate rolls random then discards effect/value/random observations when no choice qualifies; CommitFrom respects Discarded.	Other observation semantics unchanged.	PlaythroughSharedFlow 2/2
Runtime/Core/Simulation/RaiseArcSimulationBalance.cs	FA3357826667C87BCA14B49CECF6C0F9FC5E7809BBA6C743629F1B84C5442C6A	Pinned full-source read plus ledger attribution change reviewed.	Condition probes and blocked activities receive distinct attribution; committed mutations retain default label.	Dedicated balance-ledger assertion remains pending.	Unity compile
