path	sha256	reviewed_scope	important_call_links	findings_or_uncertainty
Editor/Graph/FlowCanvas.cs	7ED8FFA822C699D6995042A78836C2EBB1DB51D24376B10691A38AE519BAADD7	Entire file at 8e660533: canvas creation, selection, zoom, node cards, pin drag, connection, diagnostics, execution highlighting.	GraphProjection.Build -> FlowCanvas.AddNode/MakePin/FinishConnection -> GraphWorkbenchWindow.ChangeConnection; ShowExecution receives trace navigation.	Source read only; real pointer gestures and layout behavior still need Unity UI verification.
Editor/Graph/GraphLayoutAsset.cs	4C91FF6D9624A2BA8596589212FECD9DE91C3680C7378647512D4FD7C37EF680	Entire file at 8e660533: serialized node layout and Get identity/default placement.	GraphWorkbenchWindow.Reload creates layout asset; FlowCanvas and NodeDetails use Get for persistent view state.	No new confirmed defect; serialized legacy namespace and GUID remain compatibility identifiers.
Editor/Graph/GraphShowcaseBuilder.cs	6380B74CCDC2F6272D0B1E8150F5C255C553A238DD75553CA865CBE83E628BC1	Entire file at 8e660533: OpenSample, Create, authored branch sequence, asset and layout writes.	OpenSample -> Create -> UnityProjectCodec.FromJson -> AuthoringService.ValidateProject -> GameProjectAsset.Write -> GraphProjection.Build.	RA-01: Create reads excluded Assets/PrincessStudio/Samples/Data/PresentationDemo.json; fixed output asset/JSON writes can overwrite existing content. This pinned version must be replaced and changed code rereviewed.
Editor/Graph/GraphWorkbenchWindow.Clipboard.cs	B11A61E10905BDA831AA95528A2B74A7360C714E27B45D1E20F0082AF6DF971B	Entire file at 8e660533: clipboard payload, copy of expanded nodes, fresh IDs, translations, staged paste.	CopyNodes -> CopyableNodeData -> RaiseArcFlowReuse.Expand; PasteNodes -> PasteNodeData -> StageMany -> AuthoringService preview.	Clipboard payload is size limited and staged; malformed clipboard is caught by Safe, but actual cross-project paste behavior was not run.
Editor/Graph/GraphWorkbenchWindow.Diagnostics.cs	C4248694531B8B2F15473CB176A4E448FD8D910DC45A6C3055BF18C1065953C1	Entire file at 8e660533: Problems, References, Localization, Changes, preset state, trace and replay display.	RefreshDiagnostics -> ContentIndex.References/ProjectValidator; RunTrace -> AuthoringService.SimulateFromNode -> RaiseArcTracePlayback.	Read source only; test-state file load validates through GameSession.Restore, while actual editor file-picker and trace UI remain unverified.
Editor/Graph/GraphWorkbenchWindow.Graph.cs	B79B9399C83CA2FD96282970E5A877F922490B541F54AB425A93F85F9759D529	Entire file at 8e660533: graph rendering, connection changes, search, shared flow/content, node placement, auto layout.	RefreshGraph -> GraphProjection.Build -> FlowCanvas; ChangeConnection/OpenNodeSearch -> StageMany -> AuthoringService.	No new confirmed defect in source read; drag/search/Undo integration still needs actual Unity UI run.
Editor/Graph/GraphWorkbenchWindow.Inspector.cs	CBD950D2A3A23B424F09D3BCD7AAF0FEA2D283C7859663FD1C107AE0F3130BAF	Entire file at 8e660533: inspector draft, ReplaceProject staging, DTO and reference pickers, deletion impact, localization fields.	LeaveInspector -> StageInspector -> StageMany; DrawDto mutates inspectorProject; ApplyChanges commits through AuthoringService.	Source path protects selection from dirty inspector draft; field focus, revision conflict and Undo behavior need Unity regression evidence.
Editor/Graph/GraphWorkbenchWindow.cs	153B5407CCDB02CBE77DA2A1E4B1E0FECF7F3B6F5D62BB7FCAA8AC853B9A2FD9	Entire file at 8e660533: window lifecycle, project picker, Reload, draft revision, Undo/Redo, ApplyChanges.	OpenMenu/OpenSample -> Open -> Reload; picker -> LeaveInspector; StageMany -> PreviewChangeSet; ApplyChanges -> CommitChangeSet -> asset.Write.	P2: static Open bypasses dirty-draft guard and Reload can discard draft; selecting null asset leaves stale api/project/changes for later CreateGUI. Reproduce with Unity regression before closure.
Editor/Graph/RaiseArcBalancePanel.cs	D1E2006ED931B86B1C04F63472EE6EC30BC8EDC94B76AAE89066FCE26E1BFBF3	Entire file at 8e660533: balance definition UI, policies, preserve/reopen, path selection, replay identity, comparison rendering.	BalanceTests.Start/Preserve/ReadResult/RunPath/Replay/Compare; selection token rejects old replay completion.	Source shows replay selection invalidation; actual asynchronous callbacks, UI clicks and persisted artifact reopen require runtime verification.
Editor/Graph/RaiseArcEndingTestPanel.cs	D307E538E9172C7E393BD632EEBEED34490B29B40F18FBF1695E5A7306FAD3D9	Entire file at 8e660533: saved ending definition, run, preserve, replay job and display.	EndingTests.New/Save/Start/Preserve; EndingReplayJobs.Start/Find/Cancel; SimulationWindow.RefreshEndingReplay.	Source distinguishes preserved result and replay; project-switch and late-job UI behavior remain to be exercised.
Editor/Graph/RaiseArcGraphSimulation.cs	0E51D6C0393D185951192F5D45CDCD2225105B673CD57CCCE1A2D91F3265E801	Entire file at 8e660533: simulation navigation callback and expanded-to-source ID mapping.	SimulationJobs.NavigateRequested -> OpenSimulationResult -> RaiseArcFlowReuse.Expand -> ContentIndex -> FlowCanvas.ShowExecution.	Dirty Workbench guard is present here; source-to-graph mapping needs installed candidate navigation test.
Editor/Graph/RaiseArcNodeDetails.cs	DC5F7BCCF10C5F044DAE710461104106A01A5EBB416DF82AD9CAF82198CF9A54	Entire file at 8e660533: expanded/shared node summaries, conditions, effects, stage resources, choice detail, fold state.	FlowCanvas.AddNode -> RaiseArcNodeDetails.Populate; Edit delegates to GraphWorkbenchWindow.EditNodeDetail; shared IDs map through RaiseArcFlowReuse.	No new confirmed defect; rendering and exact shared-content edit target require Unity UI test.
Editor/Graph/RaiseArcNodeSearch.cs	846ED053FCC20ADBA9DD4197184AA98303117F6B9ED4A59CE44FC3EC5B9E7DA2	Entire file at 8e660533: search list, keyboard selection, outside-click dismissal, callback cleanup.	GraphWorkbenchWindow.OpenNodeSearch -> RaiseArcNodeSearch.Close -> supplied staged add/cancel action.	Detach unregisters root pointer callback; outside-click and keyboard behavior need UI input verification.
Editor/Graph/RaiseArcSimulationWindow.cs	D819D4B9E2B00F5F5877D059DB19AF6949BB46C024FED3440D2549A6B53B6B65	Entire file at 8e660533: analysis job setup, budget and scope display, coverage, compare, replay, checkpoint.	SimulationJobs.Start/LoadCheckpoint/Stale/Navigate -> SimulationExplorer.Path/VerifyPath; tab rendering uses report manifest.	Source separates job completion from target and model-only observations; full analysis preservation/reopen and UI path remain unverified.
Editor/Graph/RaiseArcTracePlayback.cs	8572BA13C834488217F5CF4A8984109C832CB487E3C9F2E212F5B44A6E8179DE	Entire file at 8e660533: detached trace playback, timer, expanded ID mapping, available choices, execution labels.	GraphWorkbenchWindow.RefreshTracePlayer -> RaiseArcTracePlayback -> GameSession.Restore/AvailableChoices -> FlowCanvas.ShowExecution.	Timer stops on detach and replay does not mutate authored project in this source; UI playback needs Unity run.
Editor/Graph/Tests/AuthoringPipeTargetTests.cs	BBCB45C45AFA36815765F3797E30A69F92FDA820128B1EF600208CD72AFB6876	Entire file at 8e660533: actual pipe server start and Studio project switch assertion.	AuthoringPipeServer.Start -> StudioWindow.SetProject -> IsTarget/IsRunning assertions.	Test source uses actual server but does not prove external MCP transport; Test Runner completion evidence is required.
Editor/Graph/Tests/GraphWorkbenchTests.cs	DBFE2C63C1B74776EBCA9B22B37AA2A5803C3A9F407482DD555F68E46EEB9607	Entire file at 8e660533: fixture, node/wire gestures, Undo, saved content, shared flow, localization and replay assertions.	Setup -> UnityProjectCodec.FromJson -> GraphWorkbenchWindow.Open; tests exercise FlowCanvas/AuthoringService/GameSession.	RA-01: Setup reads excluded PresentationDemo.json. Replacement fixture must keep invitation/gallery IDs, actors, choices, translations and actual runtime reachability; changed tests require rereview.
Editor/Graph/Tests/KoreanWorkbenchTests.cs	2607BEF6D01609986FB59DEB4103A6488611ABCC099C85475D08A93161BA814E	Entire file at 8e660533: catalog completeness, language enum identity, three showcase branches.	UnityProjectCodec.FromJson -> AuthoringService.SimulateFromNode -> scholarship flag assertion.	RA-01: test reads excluded RoyalEvening.json. Keep branch completion and flag assertions against generated first-party data; changed test requires rereview.
Editor/Graph/Tests/PlaythroughSharedFlowTests.cs	C35E3962C6BD865BA291284F0B9FE979AE7806646915087AFC0F6680677F9F26	Entire file at 8e660533: independent shared-flow playthrough regression.	ProjectDefinition -> PlaythroughSimulator.Run -> completed/blocked/failures assertions.	Direct method regression only; not Unity Test Runner or UI evidence.
Editor/Graph/Tests/RaiseArcBalanceWindowTests.cs	FDEC51A2FAD3873D3E81A57D22952B0B2A256E61DD24EFAD25012AC5B84A9846	Entire file at 8e660533: result ownership, old callback rejection, comparison reopen, shared save API.	BalanceTests.Start/Tick/Preserve/Compare -> SimulationWindow UI clicks and private methods; BalanceCommands.ReadBalanceTest.	Test source is meaningful but needs Test Runner completion; cleanup deletes created artifacts and assets.
Editor/Graph/Tests/RaiseArcScreenCompositionTests.cs	52FDFF31B7ED66E6D48009C2E9F817191486F9D64F44641A476D840755369934	Entire file at 8e660533: unsaved layout, old schema, invalid parts, draft participant, host save/load invariance.	ScreenComposer.Reload -> draft; PlanningRehearsal.Restore; RaiseArcSessionHost.Save/Load.	HostSave test uses unique temporary directory without cleanup; this pinned file changed later and must be rereviewed.
Editor/Graph/Tests/RaiseArcSimulationWindowTests.cs	B1AFBACB005AD0F7F67730AAD43E8FE259007F998C6B17BC80831627BAC60AE3	Entire file at 8e660533: project switch isolation, EN/KO same result and graph navigation.	SimulationJobs.Start/Navigate -> SimulationWindow.CreateGUI -> GraphWorkbenchWindow selectedId.	RA-01: test reads excluded SimulationExample.json and needs a reachable accept choice; changed test requires rereview and Test Runner completion.
Editor/Graph/Tests/RaiseArcTimePlanTests.cs	5D8EE10348CF89EC3FB13FEF0D3AA03F42372B7D4B025253CBF8FE46087980F9	Entire file at 8e660533: time draft, periods, confirmation, save/load, interrupted event, analysis replay, monthly and next-day cursors.	TimePlanEditor -> RaiseArcSessionHost/GameSession; SimulationExplorer.VerifyPath -> SimulationIdentity.StateKey.	Tests cover key invariants in source but were not executed here; several unique temporary save directories lack cleanup.
Runtime/Composer/ForestSampleEndpoint.cs	B1B8073611835BA3BEF399CDB61C9B14E5A1D522EC4EA5D82D0A30C8DBEBDAE0	Entire file at 8e660533: module begin, localization, completion, cleanup.	SceneModuleEndpoint.OnBegin -> GameProjectAsset.Read; GatherAndReturn -> Complete(ModuleResult).	Sample assumes matching module and first encounter; sample-scene behavior not run.
Runtime/Composer/RaiseArcGiftExtension.cs	A39D66A9F76ABFF9A52272DC7FEB434F20B1554E12715B6062727D5591DDBD93	Entire file at 8e660533: example extension registration, condition and effect expansion.	RaiseArcExtensionAsset.Register -> ExtensionRegistry.Register -> ICondition.Evaluate/IEffect.Expand.	Extension runs trusted installed code; state item lookup and parameter parsing can throw on invalid input, requiring example input validation if exposed broadly.
Runtime/Composer/RaiseArcIntegrationScreen.cs	C01A6214D94BE9D58D9D6692526E57035BF27193D992EC2E7AA4F2A440A290F8	Entire file at 8e660533: host-backed example list/cards, schedule, module, dialogue, save/load.	OnGUI actions -> RaiseArcSessionHost.StartSchedule/Resume/Choose/Save/Load/Restart.	Example uses fixed demo IDs and IMGUI; no actual player interaction tested.
Runtime/Composer/RaiseArcOutingModule.cs	9D4C1F9E74B68ECB8B505168039F3829E18159F61A65E01642973390685C5DE6	Entire file at 8e660533: seeded module execution and headless analysis outcomes.	ExecuteAsync/Sample/Outcomes -> Resolve/Outcome with explicit seed and fixed probabilities.	Contract is sample-specific and labels external execution assumptions; no live Scene run here.
Runtime/Composer/SampleGameController.Template.cs	EA772A818A561C911FA72DB150776C9360E3E2B0E72D6451E0D4817EE3157C64	Entire file at 8e660533: template layout, activity cards, plan draft, dialogue/choice actions.	DrawTemplate -> DrawActivities/DrawEventSequence -> RaiseArcSessionHost; ComposedScreen path in companion file.	Template delegates rules to host; user layout is styled by optional Composer. Load-draft carryover requires regression through companion file.
Runtime/Composer/SampleGameController.cs	90CEF91DACC1D4FFC244EAC84C41F44921FC110ED7B0EA546A73226885C8A1A4	Entire file at 8e660533: async start, official host, expanded playback events, drawing, module async loop, lifecycle.	Start -> RaiseArcSessionHost/RaiseArcFlowReuse.Expand; Draw -> ComposedScreen/DrawTemplate; OnHostChanged -> RunModuleAsync.	P2 candidate: Load leaves local plannedActivities while Restart clears it, so an unsaved pre-load plan may remain after loading another state. Confirm with Composer regression.
Runtime/NativeUI/RaiseArcGame.cs	69B34B4ED593EEA6DFD2C883FEDFA339AF26EFC3DD6F8EFB8E065C3E4283980D	Entire file at 8e660533: host init, voice/locale subscriptions, continuous plan coroutine, save/load/restart, cleanup.	RaiseArcUIConnection.Execute -> RunPlan/Load/Restart -> RaiseArcSessionHost; ContinuePlan -> Host.Resume with finally clearing handle.	RA-09 fix is present in source; exception-then-retry Unity regression still required.
Runtime/NativeUI/RaiseArcUIBindings.cs	0941F512E586E8D512B82ABCB133329F656B0449584C3BFA6947C2EAD3DC247D	Entire file at 8e660533: connection/repeater DTOs, named target validation, type constraints, template checks.	RaiseArcUIConnection constructor -> Validate -> Named; repeated template validation calls Validate recursively one level.	Configuration validation catches missing/duplicate targets and template nesting; installed UXML check still required.
Runtime/NativeUI/RaiseArcUIConnection.cs	69B771E9BC6B1575E21036010017098D7AA1D20065667F7EF86439C4455D7CAB	Entire file at 8e660533: refresh, stable ID repeat rows, data values, command guards, click versions, dispose.	RaiseArcGame.Changed -> Refresh -> Bind/Repeat; click -> Problem/Execute -> RaiseArcSessionHost; Dispose unbinds callbacks.	Old click callbacks are version-guarded and previous handlers removed each refresh in source; actual reordering/load UI input remains unverified.
Runtime/NativeUI/RaiseArcUIDocument.cs	B953E2F929A55BF57569FFC70A7A6D415E60B4DF89944BCE3641CE230712DC6E	Entire file at 8e660533: UIDocument initial connect, root rebuild detection, reconnect and disable cleanup.	OnEnable/ConnectAfterDocument/LateUpdate -> Reconnect -> RaiseArcUIConnection; OnDisable -> Dispose.	Reconnection and optional font binding are source-confirmed; Unity domain reload and UXML replacement still need UI run.
