36F675FC759F80BD9C975E80815DD3C3F5A98A2E7C61872A55540EDA1AFE5565	172	Packages/io.github.mhwangbo.raisearc/Editor.meta
7D5791CA607BC3E041843F2DBB0DD16494FE4D366ABABE0E2E6DAF0FF13EFC91	172	Packages/io.github.mhwangbo.raisearc/Integrations.meta
CFC7749B96F63BD31C3C42B5C471BF756814053E847C10F3EB003417BC523D30	11358	Packages/io.github.mhwangbo.raisearc/LICENSE
0068B538E7BBBD663D737992C76C9D98E55F30F481B4AA07A8052E29EBB9B17C	155	Packages/io.github.mhwangbo.raisearc/LICENSE.meta
2A239CD1B7E0AF95EEDA20469AECE460D128022183A88AC4BF447CB61A5884D1	365	Packages/io.github.mhwangbo.raisearc/package.json
27720E249AC6B68A5BC04753C56DE04147B29CB16D07197D46B9D4D497D980A4	163	Packages/io.github.mhwangbo.raisearc/package.json.meta
7F6048637C8C50F46BEAC38DBFA5D61C3C9990C1CA14CA19F76A901DE3CF9098	424	Packages/io.github.mhwangbo.raisearc/README.md
49E4D0ADBC817F1C94E10C7642BADD3D08550380C49DFE5B116FA8CE0C47AD44	158	Packages/io.github.mhwangbo.raisearc/README.md.meta
37032CB01D9DBB325AC1CF22EC67B5C5294BD7FE6A3DA1A616CF5B83D710613C	172	Packages/io.github.mhwangbo.raisearc/Runtime.meta
178F85FE614D08BA921B5F2217C364BCC7198B76012DC2053BDEED870A487B75	1064	Packages/io.github.mhwangbo.raisearc/Third Party Notices.md
6F08C21FC49D35F4BD0A6DDC3183388B914D0CAE4AFC8A23A21806F37F5A14F1	158	Packages/io.github.mhwangbo.raisearc/Third Party Notices.md.meta
A4EAAB267351353E758618F51B3B9B02352F48A7075E3B351527254236A97050	172	Packages/io.github.mhwangbo.raisearc/Editor/Distribution.meta
EDCF4D0549C128A6179365132E98F035346007CAE28B7C0F3FBF7DA6658E6D6D	172	Packages/io.github.mhwangbo.raisearc/Editor/Graph.meta
980A8043D30527919379F4DB602A440A600D295DBCBFFB2D375A201393E17D3D	172	Packages/io.github.mhwangbo.raisearc/Editor/Integration.meta
72586455E4052281482E3523D35BDB193A6282E470A824CE5EF158AC71F18A63	172	Packages/io.github.mhwangbo.raisearc/Editor/Localization.meta
48401580B67ABB0E6DF092625DC8CB3F3B8DA7677198C4B15361E285C458BA19	172	Packages/io.github.mhwangbo.raisearc/Editor/NativeUI.meta
006A1B260334467BECCB41B2DAFF6B1F1C707E8F939C992376C96D71E4867BBE	163	Packages/io.github.mhwangbo.raisearc/Editor/PrincessStudio.Editor.asmdef
4A5083599886951FBDAD9E8FFE403DE32B7E260EF741D9C62518DDA36456AAD7	166	Packages/io.github.mhwangbo.raisearc/Editor/PrincessStudio.Editor.asmdef.meta
8A154B7C19FA56D275443311CE576F8C64C3AEA11E1660902E52D937CF81E6F1	4461	Packages/io.github.mhwangbo.raisearc/Editor/RaiseArcExtensionFields.cs
52E97AE2111EAC0694EE8A8A0B825F071B901BA1DEAAAD4FF2D7E8DD9E01C9A7	59	Packages/io.github.mhwangbo.raisearc/Editor/RaiseArcExtensionFields.cs.meta
579424170929CA311AB9E8607C1B15DB40477382A6C33B156FCC07BA101F2C24	6016	Packages/io.github.mhwangbo.raisearc/Editor/RaiseArcStudioActivities.cs
16616C6E7F7C8F9D79BCAEA0101CD8C0CD5CCC210C88F2379D332EED0F742488	60	Packages/io.github.mhwangbo.raisearc/Editor/RaiseArcStudioActivities.cs.meta
2791D40D9E95B600F37E973FF804752E9DBFB751B3D8E067C0BD8789633762F0	3211	Packages/io.github.mhwangbo.raisearc/Editor/RaiseArcStudioRules.cs
5FABDFD26B7954D629E42DB9BD0E8662449686257EF3EB8F82569661F165D1DB	59	Packages/io.github.mhwangbo.raisearc/Editor/RaiseArcStudioRules.cs.meta
70856E7518857B48F98C0D305DE8EFD226F6DF9864A8BF722CE0F4D7828EACB6	5566	Packages/io.github.mhwangbo.raisearc/Editor/RaiseArcVoiceField.cs
B5A591B296F2FDC37F01D14C1FC93E716E9D0472626D777712C20CB910FFE9C5	59	Packages/io.github.mhwangbo.raisearc/Editor/RaiseArcVoiceField.cs.meta
2BD67AF716441F70FB614E7F5845C939D22404B1AAAB5C85B17492DDE7606FCB	172	Packages/io.github.mhwangbo.raisearc/Editor/Shared.meta
82E68BB379F3FB48A167592D4BCCBFD30C17E320F681EDF4AE23E743760B995B	33267	Packages/io.github.mhwangbo.raisearc/Editor/StudioWindow.Content.cs
5183DCD2785E3C2742EB9F7A72F4A07937C3817A8478F0922A854BC86157F6A2	59	Packages/io.github.mhwangbo.raisearc/Editor/StudioWindow.Content.cs.meta
890BFAB80530576E2D60F5B598818C9E72C16F9C0AA4E6310DF8C14040C45C77	18472	Packages/io.github.mhwangbo.raisearc/Editor/StudioWindow.cs
38FA0A2D718BB75AF4514186AC2A1779C35E35ECDBB524018753DA956433C69D	59	Packages/io.github.mhwangbo.raisearc/Editor/StudioWindow.cs.meta
79B52FFF952C9CAD54EEAD20D32BFAD0DD746132381B5AE4FB2457BAA69C3A79	3329	Packages/io.github.mhwangbo.raisearc/Editor/StudioWindow.EventSequence.cs
BF704658E2C071A5FF2652488945466DA4DAA70DFFC7F16A250F11F449320A4E	59	Packages/io.github.mhwangbo.raisearc/Editor/StudioWindow.EventSequence.cs.meta
31A2D880FA3B3438B757CD019CAF4F69F8D827DE4ADDA0E7D81CD06A9AB5545E	7755	Packages/io.github.mhwangbo.raisearc/Editor/StudioWindow.GameScreen.cs
2A92D0581251803791C25D4B137F383386ECE6FDD634E103AB825254A30DC527	59	Packages/io.github.mhwangbo.raisearc/Editor/StudioWindow.GameScreen.cs.meta
D148222E441F7C8B304C6169931BA48B3E6AB239142DAD0614396AFB127DCC1B	10348	Packages/io.github.mhwangbo.raisearc/Editor/StudioWindow.Presentation.cs
F829889E86728CCB361D3038151D6F19F97025A6F2B73BB3F010411D12A84ADB	59	Packages/io.github.mhwangbo.raisearc/Editor/StudioWindow.Presentation.cs.meta
797EBA01332771DB1C9CCF0295206ADB104D4D0240362C2A8EC6233683374134	3977	Packages/io.github.mhwangbo.raisearc/Editor/StudioWindow.References.cs
206E101E0A631ADF84D63F843FE15B66295F2C0DF4373B722C08F005F944B81A	59	Packages/io.github.mhwangbo.raisearc/Editor/StudioWindow.References.cs.meta
53DB2A8BABC209478DDF1CCEC2209ED3585B2B74DD5EE3745755FFE93EAEDAC1	18944	Packages/io.github.mhwangbo.raisearc/Editor/StudioWindow.Tools.cs
C641EC4E9DA3C7ACA9E912648628993186276233A657D2412662043E502D32D8	59	Packages/io.github.mhwangbo.raisearc/Editor/StudioWindow.Tools.cs.meta
627AF611F254F606350B93AB473ABA0FFCF64596F1E893C7F8E02532B5AC1F8F	172	Packages/io.github.mhwangbo.raisearc/Editor/Templates.meta
F92855F5B7A2D4CBDA70345ABBD7D0CA5474CE0B8EC3F40131BEAFBEDC500C10	172	Packages/io.github.mhwangbo.raisearc/Editor/UI.meta
9791A665D6B6162B77D5123439E29A809F7E310DD8CAAF2CE5916A0FAB760E8C	172	Packages/io.github.mhwangbo.raisearc/Editor/Validation.meta
E6342A9D2457A6A2626A0F94182F4B8755F7D64E25234BE10EBECFF8E4F7758A	2367	Packages/io.github.mhwangbo.raisearc/Editor/Distribution/PackageRelease.cs
B52B937B9ABAC17377272ACF67FA2D09C5671B748F271EDE86C178E56B6A5CA0	59	Packages/io.github.mhwangbo.raisearc/Editor/Distribution/PackageRelease.cs.meta
497155A12A1F461D76712835FE75FCEB722F0C59F3F31B29C9316777A6D58165	399	Packages/io.github.mhwangbo.raisearc/Editor/Distribution/RaiseArcRelease.cs
72EA8171F7B69DFF216A7728046682BC48EBBF88928ED4D1EB397AE0709A300C	59	Packages/io.github.mhwangbo.raisearc/Editor/Distribution/RaiseArcRelease.cs.meta
FE6E1400A9432FB65DE5B2510C6DFE9A0E3258788FB540160B24AC204440C1B3	35394	Packages/io.github.mhwangbo.raisearc/Editor/Graph/FlowCanvas.cs
4B6D3DF32C65CFC555BE1A7B5751A7AB1E61D737DE6A3B322717295CBEEE670F	59	Packages/io.github.mhwangbo.raisearc/Editor/Graph/FlowCanvas.cs.meta
4C91FF6D9624A2BA8596589212FECD9DE91C3680C7378647512D4FD7C37EF680	1082	Packages/io.github.mhwangbo.raisearc/Editor/Graph/GraphLayoutAsset.cs
0533384360F516111EE0CEACAF0B7F6967A2EE85CD82A7E5CCB53CB77F7CFFA1	59	Packages/io.github.mhwangbo.raisearc/Editor/Graph/GraphLayoutAsset.cs.meta
6380B74CCDC2F6272D0B1E8150F5C255C553A238DD75553CA865CBE83E628BC1	9655	Packages/io.github.mhwangbo.raisearc/Editor/Graph/GraphShowcaseBuilder.cs
C25CDDEA66234AEFD517211D5385D57CDC1A10AF18C4E3103237DABF22294FB7	59	Packages/io.github.mhwangbo.raisearc/Editor/Graph/GraphShowcaseBuilder.cs.meta
3649B765885B1727A89D5FCC8D931B0D0710E5BD45BB22EA550D07DC04CE324F	5623	Packages/io.github.mhwangbo.raisearc/Editor/Graph/GraphWorkbenchWindow.Clipboard.cs
0ACE5F1A733BAF09E99C4BA5738EE9AFDDADDD7581F0FA83F0B467375B9CAA8E	59	Packages/io.github.mhwangbo.raisearc/Editor/Graph/GraphWorkbenchWindow.Clipboard.cs.meta
D6B18E74C9EDBFB7847DA6CF2287EEC8B7093D62CBDD5C04AEB3F603917F6727	22355	Packages/io.github.mhwangbo.raisearc/Editor/Graph/GraphWorkbenchWindow.cs
E6ED3FE011DA72026D5C3F831ABA2CF9E6A65EFD43F0A746E5E308431101FDD7	59	Packages/io.github.mhwangbo.raisearc/Editor/Graph/GraphWorkbenchWindow.cs.meta
37BE12EF2417EF32023C9445E7A566E6DAB7720CF99E087B3DD28C56D70EFCBD	13642	Packages/io.github.mhwangbo.raisearc/Editor/Graph/GraphWorkbenchWindow.Diagnostics.cs
B5BB293E8554F22A6536EF0B8051D40C7BF6CAB34E1EF01BB410E5A9F6912DEA	59	Packages/io.github.mhwangbo.raisearc/Editor/Graph/GraphWorkbenchWindow.Diagnostics.cs.meta
B79B9399C83CA2FD96282970E5A877F922490B541F54AB425A93F85F9759D529	23281	Packages/io.github.mhwangbo.raisearc/Editor/Graph/GraphWorkbenchWindow.Graph.cs
827C30FBFC2F2CCDB8F0E002697A82F08589028250036ABA788C3716911DC4BC	59	Packages/io.github.mhwangbo.raisearc/Editor/Graph/GraphWorkbenchWindow.Graph.cs.meta
77D7446D1AC1808FAC26FA10D57EEC2DD4D58ED685C542756205B80ECDB22646	24726	Packages/io.github.mhwangbo.raisearc/Editor/Graph/GraphWorkbenchWindow.Inspector.cs
EB0DCF5E5791BE20B19B60C8114BC3BC69348510F69D076BF95C6D1F7C95C8BA	59	Packages/io.github.mhwangbo.raisearc/Editor/Graph/GraphWorkbenchWindow.Inspector.cs.meta
FFEF7E7EEE944E7638D8BE36648AC0B8DD8AB2F04A48231CE301F0FEF6F44359	199	Packages/io.github.mhwangbo.raisearc/Editor/Graph/PrincessStudio.Editor.Graph.asmdef
030F40F94C84D979E681D420142037ED98A893B9DF9B494C80EA7B4F22C48198	166	Packages/io.github.mhwangbo.raisearc/Editor/Graph/PrincessStudio.Editor.Graph.asmdef.meta
D1E2006ED931B86B1C04F63472EE6EC30BC8EDC94B76AAE89066FCE26E1BFBF3	33374	Packages/io.github.mhwangbo.raisearc/Editor/Graph/RaiseArcBalancePanel.cs
606EA7029F19EC5BF50215DA1853CD4F77A739B5625FC6B517D8356AE13A3D28	62	Packages/io.github.mhwangbo.raisearc/Editor/Graph/RaiseArcBalancePanel.cs.meta
2B77878FA689D0A68B6B90804392B08D68889D32A96C4DAAF580995D74656121	11440	Packages/io.github.mhwangbo.raisearc/Editor/Graph/RaiseArcEndingTestPanel.cs
6C9719AD1B535582A217B85EFD770A14AFEC676C16B851957B76AF4150024FFF	60	Packages/io.github.mhwangbo.raisearc/Editor/Graph/RaiseArcEndingTestPanel.cs.meta
0E51D6C0393D185951192F5D45CDCD2225105B673CD57CCCE1A2D91F3265E801	3620	Packages/io.github.mhwangbo.raisearc/Editor/Graph/RaiseArcGraphSimulation.cs
2A1CFCB272F32CC8C75F97D3C3F3E6B11F355BE5E97EEAE163C47ADCEF63F525	59	Packages/io.github.mhwangbo.raisearc/Editor/Graph/RaiseArcGraphSimulation.cs.meta
DC5F7BCCF10C5F044DAE710461104106A01A5EBB416DF82AD9CAF82198CF9A54	17081	Packages/io.github.mhwangbo.raisearc/Editor/Graph/RaiseArcNodeDetails.cs
9D66E9486285169EAFA657D0593A656493A295764C24C27CD88AAA036859142A	62	Packages/io.github.mhwangbo.raisearc/Editor/Graph/RaiseArcNodeDetails.cs.meta
846ED053FCC20ADBA9DD4197184AA98303117F6B9ED4A59CE44FC3EC5B9E7DA2	4277	Packages/io.github.mhwangbo.raisearc/Editor/Graph/RaiseArcNodeSearch.cs
9AA80966096B122230CF73AFA0643900336EF7DF2744F90D47FB20C9EAC66314	59	Packages/io.github.mhwangbo.raisearc/Editor/Graph/RaiseArcNodeSearch.cs.meta
EE60A59F7F50C64C0A9015D66B51515EDE62022B092A18BF7CBC959EC9FBDD82	39597	Packages/io.github.mhwangbo.raisearc/Editor/Graph/RaiseArcSimulationWindow.cs
50049C62F19C7BB14FF1730798779FD0A9934B976EF6889E74B88A6D2F110C5C	59	Packages/io.github.mhwangbo.raisearc/Editor/Graph/RaiseArcSimulationWindow.cs.meta
8572BA13C834488217F5CF4A8984109C832CB487E3C9F2E212F5B44A6E8179DE	9312	Packages/io.github.mhwangbo.raisearc/Editor/Graph/RaiseArcTracePlayback.cs
EC591CAD7175089B8BA8F13AC837588018FA70E18C7B32F8990EC79C91D7B57A	60	Packages/io.github.mhwangbo.raisearc/Editor/Graph/RaiseArcTracePlayback.cs.meta
C03658B0DD77CE973132D736D63382FD2D3F93DAADB30FEE5D331EDE3E88BE82	172	Packages/io.github.mhwangbo.raisearc/Editor/Graph/Tests.meta
570AE6617FCA5AB88A437025B936E1BEBC440E9356700B781D48EF910040A08A	9414	Packages/io.github.mhwangbo.raisearc/Editor/Graph/Workbench.uss
B376436577B952A44C16CC3EAE79D46DD647E3B4D8AF08172A71993EA95D787C	336	Packages/io.github.mhwangbo.raisearc/Editor/Graph/Workbench.uss.meta
FF4DDCAB0AA9EC3C7330E0ACDD2F72F4393018DEF7DFF8FB8883E9D36427337F	65660	Packages/io.github.mhwangbo.raisearc/Editor/Graph/Tests/GraphWorkbenchTests.cs
92D96D3546D54AE8C1A61C7AC57D7C635A9CF28106A570DE13AA5DE989F976E8	59	Packages/io.github.mhwangbo.raisearc/Editor/Graph/Tests/GraphWorkbenchTests.cs.meta
35A11CF608FAE54A6C4B7E339A8CBFDD54CC268D3D24EF77F28B593D198410E2	2367	Packages/io.github.mhwangbo.raisearc/Editor/Graph/Tests/KoreanWorkbenchTests.cs
930252A2F196595CE68C9F0A9129992B97109D787A994AF12BC60870321D7BC9	59	Packages/io.github.mhwangbo.raisearc/Editor/Graph/Tests/KoreanWorkbenchTests.cs.meta
0B0B203F94F03EFE9C0F5886E0A6BA17EC247D4203872A3F268280A826A497CD	226	Packages/io.github.mhwangbo.raisearc/Editor/Graph/Tests/PrincessStudio.GraphTests.asmdef
2033B1410FDBA90CA22EEF116382D2DB49A3B0B7922D45319783D7B2ECC5ECA2	166	Packages/io.github.mhwangbo.raisearc/Editor/Graph/Tests/PrincessStudio.GraphTests.asmdef.meta
FDEC51A2FAD3873D3E81A57D22952B0B2A256E61DD24EFAD25012AC5B84A9846	10794	Packages/io.github.mhwangbo.raisearc/Editor/Graph/Tests/RaiseArcBalanceWindowTests.cs
F55E7BB12B2CABA4D6D05AEFF3E08544B93AD4D2A28B9DCBFF54BA6C26BC05D2	62	Packages/io.github.mhwangbo.raisearc/Editor/Graph/Tests/RaiseArcBalanceWindowTests.cs.meta
1E4634A81918E7329CEEDCF223D964FB8A8315D73CFF323F03F395C6B96D743B	2651	Packages/io.github.mhwangbo.raisearc/Editor/Graph/Tests/RaiseArcScreenCompositionTests.cs
4A3E96DFB99081634828A1AE44AE41D9B4AC65F3DD43C88A257B1700202EBFCC	59	Packages/io.github.mhwangbo.raisearc/Editor/Graph/Tests/RaiseArcScreenCompositionTests.cs.meta
B1AFBACB005AD0F7F67730AAD43E8FE259007F998C6B17BC80831627BAC60AE3	4205	Packages/io.github.mhwangbo.raisearc/Editor/Graph/Tests/RaiseArcSimulationWindowTests.cs
ACE31FC731DFCE055637A0CCAA9C783761E0E604781E6C42FDCB85536E4D640C	59	Packages/io.github.mhwangbo.raisearc/Editor/Graph/Tests/RaiseArcSimulationWindowTests.cs.meta
1460EED8BF318E5BD4E14C6CD0D7E1C89412DC7526D3A5381AF635C9FD9FC693	21033	Packages/io.github.mhwangbo.raisearc/Editor/Graph/Tests/RaiseArcTimePlanTests.cs
33ABF58772CF968559357EAD8E8B792547E955538714E7E0B53919CB7ECCB022	59	Packages/io.github.mhwangbo.raisearc/Editor/Graph/Tests/RaiseArcTimePlanTests.cs.meta
77365B19432230C4F4AF0DCCFCE6DEB5F64300767C6EED59B4B1B1EC1D652870	8272	Packages/io.github.mhwangbo.raisearc/Editor/Integration/AuthoringPipeServer.cs
CF4D9DCE31C3AD1043111518882E56D13EAB842B0C20F6C0B3EF41C1AB7C0BE1	59	Packages/io.github.mhwangbo.raisearc/Editor/Integration/AuthoringPipeServer.cs.meta
5CC30E678B3A42157E1FD8046255EC3A916C15CBA06109C1C608388E2BF007A3	11246	Packages/io.github.mhwangbo.raisearc/Editor/Integration/RaiseArcBalanceCommands.cs
A3367A8CFC38DF5C1EBFD41F9EDB72786FFC18BC8ACF53CE9105945D8C3E4E9F	62	Packages/io.github.mhwangbo.raisearc/Editor/Integration/RaiseArcBalanceCommands.cs.meta
38A5FF5DDAA8289AD6711460B865F7B09798674110F6A0CA65DDB9E515A38853	1999	Packages/io.github.mhwangbo.raisearc/Editor/Integration/RaiseArcBalanceComparisonFile.cs
6E74D22C414A39BB34767199DA23EB414F4AD06A67A46B609ED29C3480FECD37	61	Packages/io.github.mhwangbo.raisearc/Editor/Integration/RaiseArcBalanceComparisonFile.cs.meta
5DED05CF4E759E9096FFFE97376C5B6C2F8FAE76CB96C6CFE25448F5B48A0CAD	8304	Packages/io.github.mhwangbo.raisearc/Editor/Integration/RaiseArcBalanceExample.cs
11974278EFA929BB63BCDBCED219F05DAF368A216B3649CAAD9B27512EBD8483	62	Packages/io.github.mhwangbo.raisearc/Editor/Integration/RaiseArcBalanceExample.cs.meta
02EF4D404240D6A26E392CB5E2A688157CADDF0880E7DB5D687CE33AAB705E1C	748	Packages/io.github.mhwangbo.raisearc/Editor/Integration/RaiseArcBalanceTestAsset.cs
2E1E71B9A96F6D83222F63D042EE24F7325FCDE9347BAE7916E4A5834D0500B1	62	Packages/io.github.mhwangbo.raisearc/Editor/Integration/RaiseArcBalanceTestAsset.cs.meta
A82065B64AF49C97E4999977103FC90621320176D36F94D4BD0B4A5AEE32600C	912	Packages/io.github.mhwangbo.raisearc/Editor/Integration/RaiseArcBalanceTestInspector.cs
DC1D099AC8342AB42A6114EE8AA3FEC316BD7516C88BA6182C3E000F9CD6BFD3	62	Packages/io.github.mhwangbo.raisearc/Editor/Integration/RaiseArcBalanceTestInspector.cs.meta
C8E6154900DDAB7EBC8E5367CBCEB9D5354425ABC89EA1A19C4E6DA6D48CD10D	20055	Packages/io.github.mhwangbo.raisearc/Editor/Integration/RaiseArcBalanceTests.cs
5AC7A5C4021BC422AE7A27627922396F375BEBF1872D4F195862E0A6D94DCB0A	62	Packages/io.github.mhwangbo.raisearc/Editor/Integration/RaiseArcBalanceTests.cs.meta
FE5F88AA50BD459E4C52155738419B4234E9194A88B1A41DB65AF389B448C992	4014	Packages/io.github.mhwangbo.raisearc/Editor/Integration/RaiseArcEndingReplayJobs.cs
06F50B3C8B8ECD654C8F1DD40C265C1B6094746884520CAA6066F6B6DCF1A84B	60	Packages/io.github.mhwangbo.raisearc/Editor/Integration/RaiseArcEndingReplayJobs.cs.meta
983A8AEAF9D16C2577DFBB3B7BB82E799A3AFCFAE7D21DC555FFFB6C3B87CDF3	11083	Packages/io.github.mhwangbo.raisearc/Editor/Integration/RaiseArcEndingTestAsset.cs
3CE5AA5CE6A93CA25269C5A313BCFBF92DC217D2BC148DFD19E2A01962DE86B3	60	Packages/io.github.mhwangbo.raisearc/Editor/Integration/RaiseArcEndingTestAsset.cs.meta
4AB8F40D71C64DAF5E3FDF4705C7C44B5E56CAF26A1F46F3386D6AD9F5C4A2AB	6278	Packages/io.github.mhwangbo.raisearc/Editor/Integration/RaiseArcEndingTestCommands.cs
18F3255B42FAD9E8C688377384EB72094F90ECBFDD62B521FEA0921E76DEF7D9	60	Packages/io.github.mhwangbo.raisearc/Editor/Integration/RaiseArcEndingTestCommands.cs.meta
7F963376D93A327D350D0C70BFA9FCFE495BEB06F5CA66D53F4151B48771BF62	2345	Packages/io.github.mhwangbo.raisearc/Editor/Integration/RaiseArcEndingTestExample.cs
83F1C24CF367F03FF604B35846C55DA196380CA83DD3836EFAB051AE21B7AEFD	60	Packages/io.github.mhwangbo.raisearc/Editor/Integration/RaiseArcEndingTestExample.cs.meta
BD50898A146D8128DB985180F205D3C090571187BF62985AFD95AB8C479C418A	1418	Packages/io.github.mhwangbo.raisearc/Editor/Integration/RaiseArcEndingTestInspector.cs
C28B5F26BD44F28C47E29FAD44DA868F6C1389E1A98EB2FD4B1D5799CFB13392	60	Packages/io.github.mhwangbo.raisearc/Editor/Integration/RaiseArcEndingTestInspector.cs.meta
E363F50495A4700E0A32C43DED6440117A7319AD77727FF946D03910DD5B7A0C	6351	Packages/io.github.mhwangbo.raisearc/Editor/Integration/RaiseArcGameCreation.cs
A3E332500B33A6D454AE4F32A8D70F50103C723AC9F3FF5E7676CFE88657F8B2	59	Packages/io.github.mhwangbo.raisearc/Editor/Integration/RaiseArcGameCreation.cs.meta
FEA99755EDBA4EE53E571506FC3F2D6A9253B3226A197E4149A302DAF8493FBB	3913	Packages/io.github.mhwangbo.raisearc/Editor/Integration/RaiseArcGameScreenAuthoring.cs
92D45985A7E837927916ADDA9D7230CF439783E4D907FED2AA00EF2DBD0FC6B0	59	Packages/io.github.mhwangbo.raisearc/Editor/Integration/RaiseArcGameScreenAuthoring.cs.meta
A1DF06A2AB7FD6D8CB5412E22E5A0019067D44956A78730C5069CD15A29EF230	1714	Packages/io.github.mhwangbo.raisearc/Editor/Integration/RaiseArcGameScreenCommands.cs
521E4A84A820C4CE64B1F02D1F53CD801E55A721C2A9A39033BD7836B47C4BDC	59	Packages/io.github.mhwangbo.raisearc/Editor/Integration/RaiseArcGameScreenCommands.cs.meta
254E9DB96F7A5C7B2BF33A6C89C84349A4D49E4DB6A720D94FAEDB642E2E0FD2	1134	Packages/io.github.mhwangbo.raisearc/Editor/Integration/RaiseArcGameScreenInspector.cs
D0EEF4AFCBBC7055F41223BD5BCC003B8C1D700D21C5F8FA53402A0EEE78EA06	59	Packages/io.github.mhwangbo.raisearc/Editor/Integration/RaiseArcGameScreenInspector.cs.meta
8D7E48DF2CDC4C4A5F05852C4A46EF2282CD17D9145C3A86147FB775DFD6C76D	7638	Packages/io.github.mhwangbo.raisearc/Editor/Integration/RaiseArcRulesExamples.cs
EFAEF51DF36DB4C1BB24368A166161047CE1D0A1475B357EBB6BF2114B2F3CAB	59	Packages/io.github.mhwangbo.raisearc/Editor/Integration/RaiseArcRulesExamples.cs.meta
AFF91A9808161D9880DF7F9EDB916A9914545039E9B827780CA30FE20137E94D	17887	Packages/io.github.mhwangbo.raisearc/Editor/Integration/RaiseArcScreenComposer.cs
8A2279D6A2980AA0D3D2B33316C2F5F671C70A1FFED600BE731121A071FD6E62	59	Packages/io.github.mhwangbo.raisearc/Editor/Integration/RaiseArcScreenComposer.cs.meta
D50CCA1B6BEE67E596CB8D955A45B42F417CA6C694D7CDF454B9598D3533CCEE	872	Packages/io.github.mhwangbo.raisearc/Editor/Integration/RaiseArcSimulationExample.cs
918C7146631505304284B7EA9706D9AF6B224CB60DF150DB14E973C799D906AD	59	Packages/io.github.mhwangbo.raisearc/Editor/Integration/RaiseArcSimulationExample.cs.meta
72C6042FE0525B4E4AEEAAC985CBD364E8470015CAF4ABFA886809E4A6EFBE18	14976	Packages/io.github.mhwangbo.raisearc/Editor/Integration/RaiseArcSimulationJobs.cs
AC61C212C12BED082A2197219D1E8A914AB9793418A75830A2222C5C2FF5BE32	59	Packages/io.github.mhwangbo.raisearc/Editor/Integration/RaiseArcSimulationJobs.cs.meta
53F4BCAEAB6CE985EE2E5A9C0CC41644A2A39888A749A09373F1F1F5F8CA345F	8043	Packages/io.github.mhwangbo.raisearc/Editor/Integration/RaiseArcTestSuiteAsset.cs
06DBD743745882BE91416B0CEDA709C29852BF4C46C6444120EB7DE52D39187A	62	Packages/io.github.mhwangbo.raisearc/Editor/Integration/RaiseArcTestSuiteAsset.cs.meta
044916EA59E4C7DF69423F03AE7E8D423F0A4EEBD469B7CB2ECBA323FCD4736A	5899	Packages/io.github.mhwangbo.raisearc/Editor/Integration/RaiseArcTimePlanEditor.cs
59815728031E60C024BEC63E12C5A6CC7B34AB0BCA327C88442085DDC079DD19	59	Packages/io.github.mhwangbo.raisearc/Editor/Integration/RaiseArcTimePlanEditor.cs.meta
997D2DFD9202434C3666A29E9771FA34CF25EA9666C4DCE93CDB283A0E0A1FC8	4543	Packages/io.github.mhwangbo.raisearc/Editor/Integration/WindowsPipeFactory.cs
E6BC1B1306A040BDB5781CAFB409055DBEF4C4AA506413176633120A043310F1	59	Packages/io.github.mhwangbo.raisearc/Editor/Integration/WindowsPipeFactory.cs.meta
8C3806021D78AF23416D20C55C96AE5A801A3A491D9A1F35880001584FCB883B	1928	Packages/io.github.mhwangbo.raisearc/Editor/Localization/GameScreenPrefabBuilder.cs
D673DEFEC0C057B4F4C284059DEFF8D2D98B05B78A4A9567989A0A43BE59997A	59	Packages/io.github.mhwangbo.raisearc/Editor/Localization/GameScreenPrefabBuilder.cs.meta
9468833312F7B78B4F3A65F1436391380B8D38FF3F28AAD518C4033F68978931	6368	Packages/io.github.mhwangbo.raisearc/Editor/Localization/LocalizationTableBridge.cs
697ED075D943022F3EFDB3FD3F434D15DD451578DEEB2C91B671A3783EE59FC2	59	Packages/io.github.mhwangbo.raisearc/Editor/Localization/LocalizationTableBridge.cs.meta
9E1CB1896BE64A2E523598EE67565358621CB8584ADA1B4753B3D13E408038FC	11923	Packages/io.github.mhwangbo.raisearc/Editor/Localization/PresentationSampleBuilder.cs
BA8041F3577F6356770C4D62CD615FE7E66AE373AEF3212B0751B4951C2EB739	59	Packages/io.github.mhwangbo.raisearc/Editor/Localization/PresentationSampleBuilder.cs.meta
4047DC76190B9457CF25EF6FD86C7174CB81AD3CEC1F768FBFCD9ECE042D1952	475	Packages/io.github.mhwangbo.raisearc/Editor/Localization/PrincessStudio.Localization.Editor.asmdef
D2BB820A3C45A579910D72ABD267156011AB9765A25A333C25C8DE9C8E6EA1D9	166	Packages/io.github.mhwangbo.raisearc/Editor/Localization/PrincessStudio.Localization.Editor.asmdef.meta
54BC279A5E1AA95FA2A689D52D9E610665D75884EADEDC5D72284DF21D75BE97	10487	Packages/io.github.mhwangbo.raisearc/Editor/Localization/RaiseArcBasicGameSetup.cs
190270E05B6C7131DF2655C7771D493D9FBA615BB6027166B8810C80C43A15A9	59	Packages/io.github.mhwangbo.raisearc/Editor/Localization/RaiseArcBasicGameSetup.cs.meta
4617082D74BE6CE85C550016B9384E1B1258C63B70AB5CDD3DACE7948E4A308B	8569	Packages/io.github.mhwangbo.raisearc/Editor/Localization/RaiseArcGameScreenBuild.cs
BD610EC7466D76240E8FA9A48EA456C895929E10F867AC017162D370167F6E95	59	Packages/io.github.mhwangbo.raisearc/Editor/Localization/RaiseArcGameScreenBuild.cs.meta
1F030EB24A35987874AB64059CC7D311FF75219C5B82EBBF732D0B44085767BE	15067	Packages/io.github.mhwangbo.raisearc/Editor/Localization/RaiseArcGameSetupWindow.cs
8ABB35D9B663CDB094501FF252B8122D5BDA2290BBCEF74AAD54835532B9323F	59	Packages/io.github.mhwangbo.raisearc/Editor/Localization/RaiseArcGameSetupWindow.cs.meta
230509D0C920B1ABAABDBC1C1F811E6FEC6DAE3F86135D33F21BFA4610E53638	2771	Packages/io.github.mhwangbo.raisearc/Editor/Localization/RaiseArcWeeklyPlannerExample.cs
D65F164CD86D62B3D6CA671410221D76D81E3C22783D0FF88402314FDDD04090	59	Packages/io.github.mhwangbo.raisearc/Editor/Localization/RaiseArcWeeklyPlannerExample.cs.meta
EC5338BD190EC8BAB3226DD7CB17D7F063965C313D1D33433164CE763795CBB1	7997	Packages/io.github.mhwangbo.raisearc/Editor/Localization/SampleSceneBuilder.cs
182E9D280F7BE6BE03461FDAB417A99C54E6A3B67841C11E286EC774BDC7622E	59	Packages/io.github.mhwangbo.raisearc/Editor/Localization/SampleSceneBuilder.cs.meta
932E9BE09F6FBC61857509AFBF301FB6741FB6797C73C39A33B988CC3A1502F4	444	Packages/io.github.mhwangbo.raisearc/Editor/NativeUI/RaiseArc.NativeUI.Editor.asmdef
514F8EB385F959D7C55A5312A79F5F62A045A7885349640E95B8B40B47CCC338	166	Packages/io.github.mhwangbo.raisearc/Editor/NativeUI/RaiseArc.NativeUI.Editor.asmdef.meta
316795A5E688326C5B1F91C58B9615ADDB24D592ECFCEC9CD41BD40C5F717374	7030	Packages/io.github.mhwangbo.raisearc/Editor/NativeUI/RaiseArcMonthlyUIExample.cs
3F7915199A883B3DCE8EE365F32A172F43C2F0ECB479EDD9CF5657997C6547F0	59	Packages/io.github.mhwangbo.raisearc/Editor/NativeUI/RaiseArcMonthlyUIExample.cs.meta
B8171F7A9749D1A484D654BD80002F4D46D2E26BCDAC1F6C3B4B6806F70507D1	9089	Packages/io.github.mhwangbo.raisearc/Editor/NativeUI/RaiseArcNativeUIExample.cs
A970A68404E36561972D92EED1811FD66574A0C75375357433929592088190BD	59	Packages/io.github.mhwangbo.raisearc/Editor/NativeUI/RaiseArcNativeUIExample.cs.meta
1433B8ED0797E41789B92DC99199BE447EEF90F5DAC5E7E83EE7BC6DE226B42B	8108	Packages/io.github.mhwangbo.raisearc/Editor/NativeUI/RaiseArcNextDayUIExample.cs
47CC7D998A29ECE301BCEC743394C9A8785AD2C7100C03091A432B53C5EC583E	59	Packages/io.github.mhwangbo.raisearc/Editor/NativeUI/RaiseArcNextDayUIExample.cs.meta
6AC4AF07C3DFAE59614C8E2568941597BD9CF7BFE770122D8161C90578DA1628	10194	Packages/io.github.mhwangbo.raisearc/Editor/NativeUI/RaiseArcUIBindingsInspector.cs
87D07B973FCDCD04A35666FD4576CD6D6D4D06CFA1035FCC0068CFBE96F35B29	59	Packages/io.github.mhwangbo.raisearc/Editor/NativeUI/RaiseArcUIBindingsInspector.cs.meta
DEC147AFD44750433AD80B691E06D7CBA79C628B2C1E0350B1C77AECA0D16835	5688	Packages/io.github.mhwangbo.raisearc/Editor/Shared/StudioText.cs
C615AFBD956857B6CFDF9A6592EF4441EF105530DCDDB04F072F58F31194A8DB	59	Packages/io.github.mhwangbo.raisearc/Editor/Shared/StudioText.cs.meta
C4DC85CD517B1BBE23E124DF2EFBB4A4E41E009DA50A1FB40D1940437DEE4E67	172	Packages/io.github.mhwangbo.raisearc/Editor/Templates/Composer.meta
E4BB1DCB757A739DB01F86ACA2BC12063CA2F8795361878791D868B149A3DF98	172	Packages/io.github.mhwangbo.raisearc/Editor/Templates/MonthlyUI.meta
E23E9300682E7DC4DEE0F9684D1985129006482C8E5C934EA247C381786613AD	172	Packages/io.github.mhwangbo.raisearc/Editor/Templates/NativeUI.meta
41031638F0EEFF2578B040C1F89CF68D669CC84C3E35D40B0BDD6CD330F09FD0	172	Packages/io.github.mhwangbo.raisearc/Editor/Templates/NextDayUI.meta
21371F24A00E69751CE1E9C4AE4E3DCCCA55FDD2ACB8C6EAB44ED26AB63685A9	1819	Packages/io.github.mhwangbo.raisearc/Editor/Templates/Composer/GameScreen.uss
365E2B79ACA399156E317294F1E6C9073EFF4D83F2D7FB7DAC0908CC99F76463	336	Packages/io.github.mhwangbo.raisearc/Editor/Templates/Composer/GameScreen.uss.meta
D55AA432F2EB5D80DEC1DB03C74F5B3BC199A61013E826F238792BCA9004580B	1093	Packages/io.github.mhwangbo.raisearc/Editor/Templates/Composer/GameScreen.uxml
B89A3A9F3E51CCA04BF72CB03FB1A33FEE7B9FAB30461962D9EB7D9B6815943C	282	Packages/io.github.mhwangbo.raisearc/Editor/Templates/Composer/GameScreen.uxml.meta
A2FF3EDA76353526864BFA0CEB9CCE672F76C9E46400C78001BD8AC5BBF12C42	5808	Packages/io.github.mhwangbo.raisearc/Editor/Templates/MonthlyUI/NativeGame.uss
90B28E1AC32415F5C2DB8BE0F0E31FA54D6392673CF4C866E307A2DF69FC6716	336	Packages/io.github.mhwangbo.raisearc/Editor/Templates/MonthlyUI/NativeGame.uss.meta
41712825EF2A4930A3423E2F51641D4B968C035DB2DC28A3086166B26665730E	4305	Packages/io.github.mhwangbo.raisearc/Editor/Templates/MonthlyUI/NativeGame.uxml
8D0DD40C975AFD8B076A709DA2ED6DBEB04077E5B352380AC2A1F04117EEBD5C	282	Packages/io.github.mhwangbo.raisearc/Editor/Templates/MonthlyUI/NativeGame.uxml.meta
314072E59A42D884B27C05EEDEB74C57A7016C720A1EE07DCB577FEEDA123A82	378	Packages/io.github.mhwangbo.raisearc/Editor/Templates/MonthlyUI/PlanSlot.uxml
69C8EA5D1FF4798AA5DF0FDE015A5773BFBDC90A7555F70E00A4DDC99E14A380	282	Packages/io.github.mhwangbo.raisearc/Editor/Templates/MonthlyUI/PlanSlot.uxml.meta
31EAE10AC0BD2DEACB40EB6060B3C8472BFC42D76AEED1FD6C25BB1DC89BCC59	858	Packages/io.github.mhwangbo.raisearc/Editor/Templates/NativeUI/ActivityCard.uxml
DD7497F752C10D83D0D8D230525C82E140F062B30A1C9724962D7B776F359870	282	Packages/io.github.mhwangbo.raisearc/Editor/Templates/NativeUI/ActivityCard.uxml.meta
A7E22096829861F679CE958352AD8EE07D25A4B9E06D11C5ECC61CEBEB45A0B7	197	Packages/io.github.mhwangbo.raisearc/Editor/Templates/NativeUI/Choice.uxml
50D244CBD6E326CC04553A15470B0276F02E6B59D0C588833485B2386E9F0E51	282	Packages/io.github.mhwangbo.raisearc/Editor/Templates/NativeUI/Choice.uxml.meta
6A73F9541C2DE74158C0E7CF6B0A58EF774F5A780BF191F2D7EC9CC53EFE2BF2	4301	Packages/io.github.mhwangbo.raisearc/Editor/Templates/NativeUI/Font-LICENSE.txt
53BF14953AE588CB134C13AE1C5731E47F7514BA9B282CEC518CF5C4578EA166	158	Packages/io.github.mhwangbo.raisearc/Editor/Templates/NativeUI/Font-LICENSE.txt.meta
F6BE5F09F5A8A2030641EB5C7E9D245E3C22E525993A938474D9F9319F7FDD7F	7088	Packages/io.github.mhwangbo.raisearc/Editor/Templates/NativeUI/NativeGame.uss
C450173074EFE7B91D6B38F495BB389A14FBFD872FD574539C3D2F467FA771F8	336	Packages/io.github.mhwangbo.raisearc/Editor/Templates/NativeUI/NativeGame.uss.meta
A058622EF93DD253645EF41CC9BBF7EDDCAB27B851E7FAB22D08D04CF6B89221	5355	Packages/io.github.mhwangbo.raisearc/Editor/Templates/NativeUI/NativeGame.uxml
9DF7F473209C02F3AD8191C5BE7FBBC51A9069C595712F7ADD5E8EF7BC91E400	282	Packages/io.github.mhwangbo.raisearc/Editor/Templates/NativeUI/NativeGame.uxml.meta
69975A0AC8472717870AEFEAB0A4D52739308D90856B9955313B2AD5E0148D68	4644748	Packages/io.github.mhwangbo.raisearc/Editor/Templates/NativeUI/NotoSansKR-Regular.otf
B6836BE23910116F6EE118D58E0465B84385C3A63E5D05D715695D931DEA9D08	497	Packages/io.github.mhwangbo.raisearc/Editor/Templates/NativeUI/NotoSansKR-Regular.otf.meta
1D1AD68741C0A71E8F15966D7E3B4CFFFEA9D562209FCBC31DDCB9F62AF60823	476	Packages/io.github.mhwangbo.raisearc/Editor/Templates/NativeUI/PlanSlot.uxml
56682975DEA45453FA89C3414B736AA177ACC0461A70FCFCFAEA95D749039654	282	Packages/io.github.mhwangbo.raisearc/Editor/Templates/NativeUI/PlanSlot.uxml.meta
B77B7157FF60728D34758B49016435EC406B281385038012283EDB874610205B	6270	Packages/io.github.mhwangbo.raisearc/Editor/Templates/NextDayUI/NativeGame.uss
31E53E1FF348050DF141DCD62789004230793CCFBF0085D5AEE29D0EB976C167	336	Packages/io.github.mhwangbo.raisearc/Editor/Templates/NextDayUI/NativeGame.uss.meta
A72E4FA7FAADE9275DFB89DA502683B68FF822FA532096A34BBF1A08B887C68F	4629	Packages/io.github.mhwangbo.raisearc/Editor/Templates/NextDayUI/NativeGame.uxml
C487737617C1B1068BE45D18DC7390C20DC2F39FD3BFFF0C43802342732E7003	282	Packages/io.github.mhwangbo.raisearc/Editor/Templates/NextDayUI/NativeGame.uxml.meta
1D1AD68741C0A71E8F15966D7E3B4CFFFEA9D562209FCBC31DDCB9F62AF60823	476	Packages/io.github.mhwangbo.raisearc/Editor/Templates/NextDayUI/PlanSlot.uxml
55A8DFAEAF8AEDF18C56190F20ABAA78E082B95203511F491B84075340247844	282	Packages/io.github.mhwangbo.raisearc/Editor/Templates/NextDayUI/PlanSlot.uxml.meta
DB00036DCC1F8A62BE6308A9A5322712B897830C0272B119DC0A5CEA9466626F	107873	Packages/io.github.mhwangbo.raisearc/Editor/UI/EditorTranslations.json
80E931B53712EEBD98C28F5764305AEF793D736C8B3E352435404F939244D790	158	Packages/io.github.mhwangbo.raisearc/Editor/UI/EditorTranslations.json.meta
350146C51152CB708AB839C5F8F27C3D3C3BB3458D9689B57F35D11A9F35AF56	3693	Packages/io.github.mhwangbo.raisearc/Editor/UI/Studio.uss
707B9094E71329729C45E75EDEA6C2BE61AD74114CA22461C757F1D9E2364805	336	Packages/io.github.mhwangbo.raisearc/Editor/UI/Studio.uss.meta
1422146C5232BDEE9C03C8A3F9F16939C6D36272A305B3EEA1E30A74B4E09AF9	871	Packages/io.github.mhwangbo.raisearc/Editor/UI/Studio.uxml
79490EDA7112AB22D0A63196D3A3F55270C331E7B0955E6CBAA941ED8523E872	282	Packages/io.github.mhwangbo.raisearc/Editor/UI/Studio.uxml.meta
5085826204CD960DA71AC6C057F00C54A15DDDECC952FCC451FA103292797C4E	2580	Packages/io.github.mhwangbo.raisearc/Editor/Validation/LocalizationLayoutAudit.cs
313C8E3438BBC5FEA3F1DD5268C5B57624526E9D04E376281EC8591E21241ED3	59	Packages/io.github.mhwangbo.raisearc/Editor/Validation/LocalizationLayoutAudit.cs.meta
C19939853BFC0877CB0255C2EDB6DA327C8CC838C7868BA520D90099CAA0E48B	172	Packages/io.github.mhwangbo.raisearc/Integrations/MCP.meta
879B2E431FCB1C497668DD958BF778C02D82A9F7EEEC430189F595E5F156F17F	490	Packages/io.github.mhwangbo.raisearc/Integrations/MCP/princess_mcp.py
B0CA6FCF27304111FAA206919E5BCABD7721A52B94440BF9D3D3E0F321DAF4D1	155	Packages/io.github.mhwangbo.raisearc/Integrations/MCP/princess_mcp.py.meta
6A65D2D75726E006E4699FC58D1D02DEC75B03FE9C6DCF5AE6BB50D004A1B423	21225	Packages/io.github.mhwangbo.raisearc/Integrations/MCP/raisearc_mcp.py
7A7BFDD313BB9DD4FABA210122E0907123378E62414EA73990C50BF407FFDCF8	155	Packages/io.github.mhwangbo.raisearc/Integrations/MCP/raisearc_mcp.py.meta
9595A3BB26DB19D754BAD71A601E353D185E2436ACEBFB6C1C752E2763395C14	172	Packages/io.github.mhwangbo.raisearc/Runtime/Composer.meta
DC78B5611978261D321BED6E575F7AC51EBD5A0E3F070A0979005194E4CFB9B3	172	Packages/io.github.mhwangbo.raisearc/Runtime/Core.meta
0776084341041EDFB57E993B956864B25980D70544CD8C012F49EE5BA2D7E985	172	Packages/io.github.mhwangbo.raisearc/Runtime/Localization.meta
2AE0F50967B45ED367B65804AFC6A84E4170407CF00117ABB5D9B9F986612D2D	172	Packages/io.github.mhwangbo.raisearc/Runtime/NativeUI.meta
3FD673C8928949A7A956E3E4387CE67C1E3221BB4A98FF61B962E73B75394482	172	Packages/io.github.mhwangbo.raisearc/Runtime/Unity.meta
B1B8073611835BA3BEF399CDB61C9B14E5A1D522EC4EA5D82D0A30C8DBEBDAE0	2694	Packages/io.github.mhwangbo.raisearc/Runtime/Composer/ForestSampleEndpoint.cs
3EC0081332C090BD3A36078EA15520FAB610B55C5BD15E2B1A34DDE5D0002160	59	Packages/io.github.mhwangbo.raisearc/Runtime/Composer/ForestSampleEndpoint.cs.meta
EF6D17B72990C70D18ECCB419B72B6E65FC449481FD76F6E57559CA908ABC446	363	Packages/io.github.mhwangbo.raisearc/Runtime/Composer/PrincessStudio.Samples.asmdef
D66C7AE79AE6D8943DA3CB56B91CE9D0EFCEFFAF44F95876F579494B2BCA495D	166	Packages/io.github.mhwangbo.raisearc/Runtime/Composer/PrincessStudio.Samples.asmdef.meta
A39D66A9F76ABFF9A52272DC7FEB434F20B1554E12715B6062727D5591DDBD93	2630	Packages/io.github.mhwangbo.raisearc/Runtime/Composer/RaiseArcGiftExtension.cs
1916E1BB01667A888141D7B3803D705C47A993D6D2EF3E3F8AB59D844546242D	59	Packages/io.github.mhwangbo.raisearc/Runtime/Composer/RaiseArcGiftExtension.cs.meta
C01A6214D94BE9D58D9D6692526E57035BF27193D992EC2E7AA4F2A440A290F8	4597	Packages/io.github.mhwangbo.raisearc/Runtime/Composer/RaiseArcIntegrationScreen.cs
BE422E05099C1F034E8B9EA9292F3F5662982386E74F0D49AAD1AD263264FF24	59	Packages/io.github.mhwangbo.raisearc/Runtime/Composer/RaiseArcIntegrationScreen.cs.meta
9D4C1F9E74B68ECB8B505168039F3829E18159F61A65E01642973390685C5DE6	2569	Packages/io.github.mhwangbo.raisearc/Runtime/Composer/RaiseArcOutingModule.cs
73C91A4D0E408CFA48AC122F187044D56336A79347996FF82F6AF8BAB34F7E9B	59	Packages/io.github.mhwangbo.raisearc/Runtime/Composer/RaiseArcOutingModule.cs.meta
DDADB3CA72CD55345F832C55D51F4BB2EFF796A606009E663A0C046B9846C9F6	13140	Packages/io.github.mhwangbo.raisearc/Runtime/Composer/SampleGameController.cs
B5730478D099C3AE47C83D805DB110DF18BE96D934353338EFF6F24A6B457AFA	59	Packages/io.github.mhwangbo.raisearc/Runtime/Composer/SampleGameController.cs.meta
EA772A818A561C911FA72DB150776C9360E3E2B0E72D6451E0D4817EE3157C64	15904	Packages/io.github.mhwangbo.raisearc/Runtime/Composer/SampleGameController.Template.cs
02EC0E72A349F7DF2F2586BEA63F20D88A1F31358BA640A889583AE13F5F0B29	59	Packages/io.github.mhwangbo.raisearc/Runtime/Composer/SampleGameController.Template.cs.meta
C69639EC6EC8C969B79F516DC8A0B28B9AFD7B8A45E4BF37058142637E87328B	172	Packages/io.github.mhwangbo.raisearc/Runtime/Core/Authoring.meta
6E0D1B9486E8691AACAFF95F6BCA36B3E710D28738CA962C927A60F5998446BE	172	Packages/io.github.mhwangbo.raisearc/Runtime/Core/Content.meta
627ECA7B1CD7DD77A5EEF13112A48C20766D394EE9626AEA4A50AF1649F49072	172	Packages/io.github.mhwangbo.raisearc/Runtime/Core/Modules.meta
55354ED0723C61CAC09C660C56ADDE33DCCF97A0B01E89BB45EFEE0C6E56F77E	90	Packages/io.github.mhwangbo.raisearc/Runtime/Core/PrincessStudio.Core.asmdef
8B381E062EC32215BD580D47F9FE1A4A921D8F3B3DDBD41C5BB931C29F894669	166	Packages/io.github.mhwangbo.raisearc/Runtime/Core/PrincessStudio.Core.asmdef.meta
51CFE81CA32F6FBF477ECC9E46BE8D18E62BF85B16D7DA678F103E0D3FB914E2	172	Packages/io.github.mhwangbo.raisearc/Runtime/Core/Simulation.meta
A99AC20E927A1480FB0D63B1079747E512D712916BB3F2B40FBEAAA59891A16A	172	Packages/io.github.mhwangbo.raisearc/Runtime/Core/Validation.meta
6BA5658F8F4062B207DFC82C3A125847D2DCD2D86994F06A732F3C45A1E28185	7256	Packages/io.github.mhwangbo.raisearc/Runtime/Core/Authoring/AuthoringService.cs
231A601B10E16B218E148E8CB41E4A4E9B4DB77B4CFC8AA5F5C6AE6222C409FF	59	Packages/io.github.mhwangbo.raisearc/Runtime/Core/Authoring/AuthoringService.cs.meta
1D2D8EABC36B7836C872D01EB41AEAE352D97CAEE28571C576192A066F2C06F3	16257	Packages/io.github.mhwangbo.raisearc/Runtime/Core/Authoring/ContentIndex.cs
DC6F6D534CAA64C488283A5D6CC536AAA1BD7761CCDB12DD6420F4460EA9A0C5	59	Packages/io.github.mhwangbo.raisearc/Runtime/Core/Authoring/ContentIndex.cs.meta
F5C11285739F761FE52AA479FEAF6357BE7D34C7719B9CDBBFDD7438535262F2	6695	Packages/io.github.mhwangbo.raisearc/Runtime/Core/Authoring/GraphProjection.cs
31418A52300E24228CEA883F8FCBFCF6795D5A9174E42DD2BFA5E2773EE336AD	59	Packages/io.github.mhwangbo.raisearc/Runtime/Core/Authoring/GraphProjection.cs.meta
896DEAB78E37AE1709B971B02EECA8E25B42B61F60260AA9A452984333D1AAE2	6024	Packages/io.github.mhwangbo.raisearc/Runtime/Core/Authoring/PresentationAuthoring.cs
648F72C77932FC0C49C683B9F898073F3B988AD31B24BB067E289AD16BA9B07B	59	Packages/io.github.mhwangbo.raisearc/Runtime/Core/Authoring/PresentationAuthoring.cs.meta
BB0F5BE9F55EF403983072CF18F7D3FECB123B9651F258865902474EAA6E8251	2087	Packages/io.github.mhwangbo.raisearc/Runtime/Core/Authoring/RaiseArcActivityCopy.cs
B98A8BEA79E42A4DDB7C6124F4DDC2433DD8EAACAADFEB7D33173872595C5ACF	59	Packages/io.github.mhwangbo.raisearc/Runtime/Core/Authoring/RaiseArcActivityCopy.cs.meta
B998130994C8284498683986F182F9CA8F88D9C71CD89991429B77224CAA871E	20957	Packages/io.github.mhwangbo.raisearc/Runtime/Core/Authoring/WorkbenchAuthoring.cs
6156E704240B01043794E946304135F89DC37ED30D28DB33331C2DC5BC68FC90	59	Packages/io.github.mhwangbo.raisearc/Runtime/Core/Authoring/WorkbenchAuthoring.cs.meta
9CDDB842B47922A9BF6688D80651EC691AA221AE1B2066C9D59D39EA064CD06A	4937	Packages/io.github.mhwangbo.raisearc/Runtime/Core/Content/EventSequence.cs
855DEA3595A874BC9EDFD7B4AF3B943D61D25A5865888EEB48996B95C5A74A86	59	Packages/io.github.mhwangbo.raisearc/Runtime/Core/Content/EventSequence.cs.meta
A5E6FB1FF566A530BD82D50C1F155227B67D40696A9039A10CF1622437BED886	5660	Packages/io.github.mhwangbo.raisearc/Runtime/Core/Content/PresentationDefinition.cs
DAE22C4FEDB3F6252AF4BD84F644240C0747EFFCAC2ADFE151679E8F942044D5	59	Packages/io.github.mhwangbo.raisearc/Runtime/Core/Content/PresentationDefinition.cs.meta
2F5640B79A3E4446990EBA6BCA5192CA7672CE057634C80634894EA2845ED2A4	11864	Packages/io.github.mhwangbo.raisearc/Runtime/Core/Content/ProjectDefinition.cs
CC8CE6BAFE366CFEFB2C9AF4FB3BF137CE45F72171B83433FCA51EF774AD6401	59	Packages/io.github.mhwangbo.raisearc/Runtime/Core/Content/ProjectDefinition.cs.meta
6405CE946DA1D555EF9E5DF51C7B34973EECFF3A8A23B92567C529132CF4D335	2126	Packages/io.github.mhwangbo.raisearc/Runtime/Core/Content/RaiseArcActivityRules.cs
931904925CDAB7CB6D03904F21CBA8B45DCB10ECA4B11267DD71ED09D722B781	60	Packages/io.github.mhwangbo.raisearc/Runtime/Core/Content/RaiseArcActivityRules.cs.meta
1C09ADC9939E644AD65EFFD44C9FB0FA6F1AD8CAC1ACC789512EE3E07B5F0D2F	11013	Packages/io.github.mhwangbo.raisearc/Runtime/Core/Content/RaiseArcFlowReuse.cs
A342C361E101503410208203A6655962393CDE05A1EE8041A53B743F478EED74	59	Packages/io.github.mhwangbo.raisearc/Runtime/Core/Content/RaiseArcFlowReuse.cs.meta
DDED698E5E5BFC33A666B1195923461FE8E118C259C1BE3975F9A70C95A112B4	3328	Packages/io.github.mhwangbo.raisearc/Runtime/Core/Content/RaiseArcGamePlan.cs
6400407A9B34D8952E3486D0BED3E5C9542C382663258CBE6F517CFDA9520472	59	Packages/io.github.mhwangbo.raisearc/Runtime/Core/Content/RaiseArcGamePlan.cs.meta
47E8CA90FA3B67AD6817938C8098F64C8CE4CC45C9C2E75458ECB0A6086AF335	3545	Packages/io.github.mhwangbo.raisearc/Runtime/Core/Content/RaiseArcReusableRules.cs
7BFE7CD739F701E17EFBAA6180D1EDA4687E21408AFBC36C222C6D8931D6620C	59	Packages/io.github.mhwangbo.raisearc/Runtime/Core/Content/RaiseArcReusableRules.cs.meta
0702534A68BC63B441F6DB888B3F83F5F68EA01678EA79AA7E8FD4FFE527882A	2095	Packages/io.github.mhwangbo.raisearc/Runtime/Core/Content/RaiseArcTimePlanRules.cs
04208BD1E6725049FAAC7EB1E29AD13F926305054B52269CEF1627E41F30A69B	59	Packages/io.github.mhwangbo.raisearc/Runtime/Core/Content/RaiseArcTimePlanRules.cs.meta
16189FB3D772AABC69C27F2D4B2890B124964845DBD2216327B81415CBDF2BDB	4694	Packages/io.github.mhwangbo.raisearc/Runtime/Core/Modules/Contracts.cs
51EE29B5C11079192863B6824EC32A5059BCA7ED46874D0348D921B6F8873900	59	Packages/io.github.mhwangbo.raisearc/Runtime/Core/Modules/Contracts.cs.meta
1FA2F599A94616F28EC6BF331E40ECA8CF1227326A0933E35E2B25393F9E7FB1	3503	Packages/io.github.mhwangbo.raisearc/Runtime/Core/Modules/RaiseArcExtensionDefinition.cs
67D46B2FD22A1CE2D0FF09D048A7ADDDD4A5898EEC6F8975F9DFE9A8F8BD1D07	59	Packages/io.github.mhwangbo.raisearc/Runtime/Core/Modules/RaiseArcExtensionDefinition.cs.meta
DD2B83E36CF031BE464449D1E5C8CCCE7407E12099B942F52192F609203F57EC	31749	Packages/io.github.mhwangbo.raisearc/Runtime/Core/Simulation/GameSession.cs
E2EC26CB1734C7FD0EDAB141ECCC3E19F763DCD0D71262F369EEDFA6A0D44602	59	Packages/io.github.mhwangbo.raisearc/Runtime/Core/Simulation/GameSession.cs.meta
922A85E39F647E9DD5460255F00D75B9082A29AF8D58E9DB7807BBA35D7C2927	6169	Packages/io.github.mhwangbo.raisearc/Runtime/Core/Simulation/GameSession.Presentation.cs
AAE003BA3B07675B1534A7396ADC7F3E81B1F2EB49466319871990E3255CEE4D	59	Packages/io.github.mhwangbo.raisearc/Runtime/Core/Simulation/GameSession.Presentation.cs.meta
28785D6FA93A0F3E0E7BF09E25E2E98766A2B4E3D73AD8D9F746B0B25F3442F8	4796	Packages/io.github.mhwangbo.raisearc/Runtime/Core/Simulation/GameSession.Trace.cs
0A697836F0CFAA940BE0D337798AE27D3E3C9381E1EAAD4396A804DF307CD583	59	Packages/io.github.mhwangbo.raisearc/Runtime/Core/Simulation/GameSession.Trace.cs.meta
DE7DCE3E872778D6D9F704BAFA0A589F35CF179A157AF6CAEB36AC83B44F41BA	12648	Packages/io.github.mhwangbo.raisearc/Runtime/Core/Simulation/GameState.cs
35586E437CB721A17F37107B465AD1526E9D11426A50A060D8072E0FB9658E4E	59	Packages/io.github.mhwangbo.raisearc/Runtime/Core/Simulation/GameState.cs.meta
F4E3AD60626F7F85BCAFBEB87AB3A11C81C3C62FE201498EC3553C552DE97342	727	Packages/io.github.mhwangbo.raisearc/Runtime/Core/Simulation/RaiseArcActivityAvailability.cs
E1FF23C86329F96456D75061BC2A2AC841C7CC731B88E645815A1748188DBCE9	59	Packages/io.github.mhwangbo.raisearc/Runtime/Core/Simulation/RaiseArcActivityAvailability.cs.meta
5CF942EF1AB2C175F13F162BE7FFF8726C1609AB4BF24DD50C40730D3F6BAAE0	9249	Packages/io.github.mhwangbo.raisearc/Runtime/Core/Simulation/RaiseArcAnalysisAdapters.cs
9E9479F6B0CD93CFEAF05D9C084BA19FB3EE1D36EDA0A86031E0FAA5B77E6DAA	59	Packages/io.github.mhwangbo.raisearc/Runtime/Core/Simulation/RaiseArcAnalysisAdapters.cs.meta
717D1B60645CF049528474EBD96DF92A463C5455C91907A037B96A95E4195656	2662	Packages/io.github.mhwangbo.raisearc/Runtime/Core/Simulation/RaiseArcBalanceLedger.cs
47C0E3A29C507822D3119283FFC6D11076961B1DE42CC8C7A4615A3AF76BD0FA	62	Packages/io.github.mhwangbo.raisearc/Runtime/Core/Simulation/RaiseArcBalanceLedger.cs.meta
A799323B82440E62CAC30644FE1E7824B3A560DBDAD80296C301ABB27C3A4A53	13789	Packages/io.github.mhwangbo.raisearc/Runtime/Core/Simulation/RaiseArcBalanceTest.cs
5CD9AD1819FCBD8C4ACBAD991C0CED2314A5C4D0DFB702CBBF6660796E19423B	62	Packages/io.github.mhwangbo.raisearc/Runtime/Core/Simulation/RaiseArcBalanceTest.cs.meta
8BF55FA13242067AC9FCC84407104E162804DD0B5D3B418C1C50C7EA4A1F083F	3530	Packages/io.github.mhwangbo.raisearc/Runtime/Core/Simulation/RaiseArcEndingTest.cs
E8B45A6FCC16812AAE10CFD5E3C856C85F7DEF641283FBE8CCA7C2D2ED817352	60	Packages/io.github.mhwangbo.raisearc/Runtime/Core/Simulation/RaiseArcEndingTest.cs.meta
F7F4DAB03B63C15DFD8DBCE3147D24FA15970A2695A95609D8305965FB84FBAB	1012	Packages/io.github.mhwangbo.raisearc/Runtime/Core/Simulation/RaiseArcGameplayRandom.cs
389D90F43CC1FD1F09B01D423D2A209A267F2130D002D383E78DC1672E59B495	60	Packages/io.github.mhwangbo.raisearc/Runtime/Core/Simulation/RaiseArcGameplayRandom.cs.meta
F6807D035C028202A899C83CFDFD17188529379F73AAC578BB91C68D22193033	2578	Packages/io.github.mhwangbo.raisearc/Runtime/Core/Simulation/RaiseArcModelComparison.cs
BB07D32E2B0A19FEC2DFF148334FD4AB917ADB29DEA46F4AF96EBA2CF0D5E1B5	59	Packages/io.github.mhwangbo.raisearc/Runtime/Core/Simulation/RaiseArcModelComparison.cs.meta
43A9B5B21229115A7338A637DBDB2EA0288001A2108557C923AC0F661B9427DF	1213	Packages/io.github.mhwangbo.raisearc/Runtime/Core/Simulation/RaiseArcRuntimeObservations.cs
BFF653D5B94BB432343BBFDF929294BFE041053C08DF66C7C6EEA7E22A615B36	59	Packages/io.github.mhwangbo.raisearc/Runtime/Core/Simulation/RaiseArcRuntimeObservations.cs.meta
B4E9B6F44E3E6A9F39C272ED2A50991B873C430A4328973A186A984D3EF21FC7	4263	Packages/io.github.mhwangbo.raisearc/Runtime/Core/Simulation/RaiseArcSimulationBalance.cs
7546BB77881A3E2934CB02F9EAB5137FDAB31ABA98F5A92BB265843F4FD585C9	62	Packages/io.github.mhwangbo.raisearc/Runtime/Core/Simulation/RaiseArcSimulationBalance.cs.meta
A3D62E0D97AF67D8C15D47FEB498BF6773B4D64A90D9D296D7660EA94B595F2F	7753	Packages/io.github.mhwangbo.raisearc/Runtime/Core/Simulation/RaiseArcSimulationContracts.cs
B72515EA52F978F15C1E839C637923243811840768E1A9A001668FECBD5DD9FD	59	Packages/io.github.mhwangbo.raisearc/Runtime/Core/Simulation/RaiseArcSimulationContracts.cs.meta
5775DB7A2775EB29F9B205C037B442AA4499F87A572F84D100D2F72C36126779	56569	Packages/io.github.mhwangbo.raisearc/Runtime/Core/Simulation/RaiseArcSimulationExplorer.cs
356FB711EE1B5CFC5528CE2DB2B3490DE9D2CC82E481FD66E68302B9F921628E	59	Packages/io.github.mhwangbo.raisearc/Runtime/Core/Simulation/RaiseArcSimulationExplorer.cs.meta
7D679C25EBEEB8286FF99530A8075DC0BBEB17022E34812E14EA156B662DE7DA	3477	Packages/io.github.mhwangbo.raisearc/Runtime/Core/Simulation/RaiseArcSimulationIdentity.cs
E82E342EE45B416A140B1ACE9E981914C10668B3A7F128FB0653F7D18B93E113	59	Packages/io.github.mhwangbo.raisearc/Runtime/Core/Simulation/RaiseArcSimulationIdentity.cs.meta
E821475ADB70461681DAD1A8C7B22C1235AE3998B84E3B10EA481A7C3AAC5F9C	11076	Packages/io.github.mhwangbo.raisearc/Runtime/Core/Simulation/RuleEngine.cs
71032B17B1CFB4DD4250CFEDC36B6C9EDFD7BF07DB959A33034AA26359C57A31	59	Packages/io.github.mhwangbo.raisearc/Runtime/Core/Simulation/RuleEngine.cs.meta
B6FF37E7AC32541C99D11DEE63F5A2B1039A85C74A0AC2B43E0216C57EB55BBB	6206	Packages/io.github.mhwangbo.raisearc/Runtime/Core/Validation/EventSequenceValidator.cs
03CFDC815E8F69D856B0EBB3ED81BC389E276AA0C2CEBBE7A4A7ACD10A9C6E34	59	Packages/io.github.mhwangbo.raisearc/Runtime/Core/Validation/EventSequenceValidator.cs.meta
5382E58454A29E72B351320A731AFC2894373C4F0243A62A82379B2208FAAEFE	4808	Packages/io.github.mhwangbo.raisearc/Runtime/Core/Validation/PlaythroughSimulator.cs
0F9F39A233A6CC46304281BEA46FB5FB1293885D0FD1C30929CBFC6B964AEEE0	59	Packages/io.github.mhwangbo.raisearc/Runtime/Core/Validation/PlaythroughSimulator.cs.meta
5CBCC920FB6157E887C0378E289ACE1E8CD1811D98ED6B32E27A68081FE2AEDD	5480	Packages/io.github.mhwangbo.raisearc/Runtime/Core/Validation/PresentationValidator.cs
DCB165F80350C9369D33E1E64478E6A95339AA4AC5AFE4BB94AF5AEE12886954	59	Packages/io.github.mhwangbo.raisearc/Runtime/Core/Validation/PresentationValidator.cs.meta
1ED704B8D2FE0F5208A2A1772D22E49900AFC9623BDA50D8F405C6AD7E62C361	29196	Packages/io.github.mhwangbo.raisearc/Runtime/Core/Validation/ProjectValidator.cs
2EB231F98329026CE80C7F3292E36AF0E4F66A2CEB85EBC88927BB9B3508173A	59	Packages/io.github.mhwangbo.raisearc/Runtime/Core/Validation/ProjectValidator.cs.meta
6D05CB5CEF5DBF53486D7CAB5930D84BE547F6CA09F83E2F0C8938736A121CB3	2070	Packages/io.github.mhwangbo.raisearc/Runtime/Localization/LocalizedAssetBindings.cs
51B84DE2A8672A2DF4A6125B106FDC9F820F889D51EEAD7BCE5F9DEF924AFA6D	59	Packages/io.github.mhwangbo.raisearc/Runtime/Localization/LocalizedAssetBindings.cs.meta
F2445B36F2150C54321A1A201FA359B7C4AA0D778FB77BF856BCDDDE85D1A2E1	1278	Packages/io.github.mhwangbo.raisearc/Runtime/Localization/LocalizedLabelBinding.cs
4E451B8E4F164A98A73A8FAA9CD6C84C66DCF84174C595908DD60638925E9941	59	Packages/io.github.mhwangbo.raisearc/Runtime/Localization/LocalizedLabelBinding.cs.meta
3C4B7233C6CA4823F2CB7382A1ECBF7A368DE7A7823A89FB6630A6DC21C71428	364	Packages/io.github.mhwangbo.raisearc/Runtime/Localization/PrincessStudio.Localization.asmdef
772BD5739E00C6641ACAE672516E0EBEDE28C4888D91E1F281E53D144E2930A2	166	Packages/io.github.mhwangbo.raisearc/Runtime/Localization/PrincessStudio.Localization.asmdef.meta
F0C04EA0621BEE8CA685C4A593F64B6A886B67061DFE6DB3D74A9C0AEAC8ACEC	5062	Packages/io.github.mhwangbo.raisearc/Runtime/Localization/RaiseArcDialogueVoice.cs
BA5E791F2169D98AF6AA122849678CE65520A46D96A522885BA4E8CB14743B8C	59	Packages/io.github.mhwangbo.raisearc/Runtime/Localization/RaiseArcDialogueVoice.cs.meta
7E2F0C66E7EF254DF93ED81B27809334AA03A76AA54320CE399A7C018EA17C4D	348	Packages/io.github.mhwangbo.raisearc/Runtime/NativeUI/RaiseArc.NativeUI.asmdef
FEDF500AA03E33DA84C9405299A481A50E1EED4AE125FC4C019551101227CA83	166	Packages/io.github.mhwangbo.raisearc/Runtime/NativeUI/RaiseArc.NativeUI.asmdef.meta
BFBDEDF833E079ED3575C77420FF883A28AFE0F1DA3386AC63E84708144EEA26	4413	Packages/io.github.mhwangbo.raisearc/Runtime/NativeUI/RaiseArcGame.cs
5F7D9FA0AAF302F25C901D5499449AC626BDA2AC92987E85A81FA491C9FC0013	59	Packages/io.github.mhwangbo.raisearc/Runtime/NativeUI/RaiseArcGame.cs.meta
647795CAB5E4D96ACEAEDBCD8C36993AF0A889BF2705559596A2316C18ACB846	6221	Packages/io.github.mhwangbo.raisearc/Runtime/NativeUI/RaiseArcUIBindings.cs
73422E992A0796BCB90F8808891D90AF3B0A107B1DDD3960356FD0D7450685EA	59	Packages/io.github.mhwangbo.raisearc/Runtime/NativeUI/RaiseArcUIBindings.cs.meta
AD60B7ADC4FC60EC2A488DC408F5AAEC8852523DF33BF50A2D76EDC38938D203	17994	Packages/io.github.mhwangbo.raisearc/Runtime/NativeUI/RaiseArcUIConnection.cs
D132206AF1D87CAF461B03F782195DF5295A906D5227D51F77E7B9D0277CC95A	59	Packages/io.github.mhwangbo.raisearc/Runtime/NativeUI/RaiseArcUIConnection.cs.meta
5CF6B47B84991F45BBB12E723924A67EF565D97BB2B1D628DFBC5BE8160BF3AF	3265	Packages/io.github.mhwangbo.raisearc/Runtime/NativeUI/RaiseArcUIDocument.cs
A02B85369739BF9CCB1E88B2FD2C8C82FBB8CC8445D4859144BD23EE1C81BC22	59	Packages/io.github.mhwangbo.raisearc/Runtime/NativeUI/RaiseArcUIDocument.cs.meta
0602A83C6BF5EDE56C78702D8B35F2F33D835FD816C985A4FE6813228EB19624	9490	Packages/io.github.mhwangbo.raisearc/Runtime/Unity/AuthoringCommandGateway.cs
59C0074BE78973F61AF70E04DAA681B1BA72C1A8A069503EAEE00738815372D7	59	Packages/io.github.mhwangbo.raisearc/Runtime/Unity/AuthoringCommandGateway.cs.meta
D054648F77697E80D17E4163BAEBBBD47C1654082FDAA352E509484809C93CB8	3895	Packages/io.github.mhwangbo.raisearc/Runtime/Unity/GameProjectAsset.cs
9F2DB2D5B75DBB5164F66DEF043F50C1FEB3A741BCDE9733A30321830FD2F934	59	Packages/io.github.mhwangbo.raisearc/Runtime/Unity/GameProjectAsset.cs.meta
C255B9FA282D7DABEC357DD66E87652379541382F08C32541DAF807F39A18A0E	2035	Packages/io.github.mhwangbo.raisearc/Runtime/Unity/JsonRootFields.cs
027BF56AA54520D5AA23BD4332C7EEE7A92558F905D965DBA6AB8DF2482D4C59	59	Packages/io.github.mhwangbo.raisearc/Runtime/Unity/JsonRootFields.cs.meta
72A4CF90CEF6AD1648C09ABB64FA6CF4AC099ADD5AF6055526A232076F59941A	172	Packages/io.github.mhwangbo.raisearc/Runtime/Unity/Localization.meta
D95F99BE5D0DEA9B0798942BFBA7F70B22CA4D9FD25F1158D2AA2B0CF529FD47	172	Packages/io.github.mhwangbo.raisearc/Runtime/Unity/Modules.meta
352D8C53FD11C770F773241C8235EBC3AB04D938620C5A46C18ED098A617D34F	172	Packages/io.github.mhwangbo.raisearc/Runtime/Unity/Persistence.meta
4E56A89A1657E2FDFE47AB7C1255E387198A01099EB68FEED362F3FA1E597DE7	2478	Packages/io.github.mhwangbo.raisearc/Runtime/Unity/PresentationSkin.cs
ED43D47BE86D91FF527FCF7203683AB675B975695EA63083B6D528244CAF0BD0	59	Packages/io.github.mhwangbo.raisearc/Runtime/Unity/PresentationSkin.cs.meta
62E47FB9F56D78106DA94358F0D0FAF506926D9E3CC4876B7DB5EC50282673B8	9890	Packages/io.github.mhwangbo.raisearc/Runtime/Unity/PresentationStage.cs
E8FE6D49B120D719BABD20A554DC246A9934DEECDD297F74CA86290272766C32	59	Packages/io.github.mhwangbo.raisearc/Runtime/Unity/PresentationStage.cs.meta
4BF6A95AED1204EBA1AAAA2D9D55D50A1FCC41D22EF71860A73DC9E76C1F7BA3	108	Packages/io.github.mhwangbo.raisearc/Runtime/Unity/PrincessStudio.Unity.asmdef
3EA8F2D398707774AC34EA16DC04A3AD333DD2823D0AE590A94DF17E8D3546C9	166	Packages/io.github.mhwangbo.raisearc/Runtime/Unity/PrincessStudio.Unity.asmdef.meta
788B56CFE8DBF93D7B204B33DB7BED494D4A934A3829A8680CA1B66870632941	19106	Packages/io.github.mhwangbo.raisearc/Runtime/Unity/RaiseArcComposedScreen.cs
A996072E3D2206D147ECBB46720A3B7A208D6786B302722B8398736744EBC813	59	Packages/io.github.mhwangbo.raisearc/Runtime/Unity/RaiseArcComposedScreen.cs.meta
26BE9B376F5B305D88672D1970BEEB9B4E95A6823170199D3E319157C6AD4881	418	Packages/io.github.mhwangbo.raisearc/Runtime/Unity/RaiseArcExtensionAsset.cs
272BBD3F79FD10FE835850660C0269FD76A243E4B0E601280993F1899B3E2820	59	Packages/io.github.mhwangbo.raisearc/Runtime/Unity/RaiseArcExtensionAsset.cs.meta
DCF23B4A5B25AAF3A11BAAA1188E8D79E8323A5CC2C010E9A2F6618EC59004C6	1948	Packages/io.github.mhwangbo.raisearc/Runtime/Unity/RaiseArcGameScreenSettings.cs
DB2ABF9DC7D66BCB1B42A91AE1D6339E28E7C29839CE0284553CA7B7806419E1	59	Packages/io.github.mhwangbo.raisearc/Runtime/Unity/RaiseArcGameScreenSettings.cs.meta
722A7F47BAA48180E8E9DFF4BBB0617394B0F8DF5A8BDACFCFE198846DDCB687	2214	Packages/io.github.mhwangbo.raisearc/Runtime/Unity/RaiseArcPlanningRehearsal.cs
7BFD98201F37C89CD05FAD7C2720E2BC9AE2F7D4988EF4CAB3E67C8088E59366	59	Packages/io.github.mhwangbo.raisearc/Runtime/Unity/RaiseArcPlanningRehearsal.cs.meta
EED6615165D3166A8DF9A6DCE824840062C551D2904C4B42528609B4037003B7	5097	Packages/io.github.mhwangbo.raisearc/Runtime/Unity/RaiseArcScreenComposition.cs
3420951FFDE5062181C5419FD5CC1AF168B11DC70E1E99C3698F0B39A9252751	59	Packages/io.github.mhwangbo.raisearc/Runtime/Unity/RaiseArcScreenComposition.cs.meta
A241AC97B7C8B59DE1E901D285680DF6E7E555512B1E0E059ACE0B35929B92FE	21905	Packages/io.github.mhwangbo.raisearc/Runtime/Unity/RaiseArcSessionHost.cs
598EDEE482B05503840BE830513AA34620A75FA0A0CBAC892D85688D0A4D83A1	59	Packages/io.github.mhwangbo.raisearc/Runtime/Unity/RaiseArcSessionHost.cs.meta
E63873F14AA29F6E407854495259BF8D9F250D5C48129793FC45F1DBD30BB025	4291	Packages/io.github.mhwangbo.raisearc/Runtime/Unity/Localization/TranslationCsv.cs
DD425DDD728568D37CFF8F5A525CF1C48C54FA491F262AECC5C0A3089E351F33	59	Packages/io.github.mhwangbo.raisearc/Runtime/Unity/Localization/TranslationCsv.cs.meta
2290E163B2CD47BC30950E36F0B8652D1E3CEFC9F441B965937164505E43A769	5472	Packages/io.github.mhwangbo.raisearc/Runtime/Unity/Modules/CustomSceneAdapter.cs
ED8DE4A6DE5E90E2C6748502ACE60DA7F57900FE1004FE401E6782D6AA4E13FC	59	Packages/io.github.mhwangbo.raisearc/Runtime/Unity/Modules/CustomSceneAdapter.cs.meta
4FC742EE617ED532C40A491C603EF8CC7BAFA8559DE965344F7BC477E466A1A0	7557	Packages/io.github.mhwangbo.raisearc/Runtime/Unity/Persistence/SaveStore.cs
0C837AF51DFBD3AD9D23D81F3ACE73B0AC488F23DEBC94111AFD2C460300EF1D	59	Packages/io.github.mhwangbo.raisearc/Runtime/Unity/Persistence/SaveStore.cs.meta
