inventory-and-automated-scan-only	Editor/RaiseArcExtensionFields.cs
inventory-and-automated-scan-only	Editor/RaiseArcStudioActivities.cs
inventory-and-automated-scan-only	Editor/RaiseArcStudioRules.cs
inventory-and-automated-scan-only	Editor/RaiseArcVoiceField.cs
inventory-and-automated-scan-only	Editor/StudioWindow.Content.cs
inventory-and-automated-scan-only	Editor/StudioWindow.cs
inventory-and-automated-scan-only	Editor/StudioWindow.EventSequence.cs
inventory-and-automated-scan-only	Editor/StudioWindow.GameScreen.cs
inventory-and-automated-scan-only	Editor/StudioWindow.Presentation.cs
inventory-and-automated-scan-only	Editor/StudioWindow.References.cs
inventory-and-automated-scan-only	Editor/StudioWindow.Tools.cs
inventory-and-automated-scan-only	Editor/Distribution/PackageRelease.cs
inventory-and-automated-scan-only	Editor/Distribution/RaiseArcRelease.cs
inventory-and-automated-scan-only	Editor/Graph/FlowCanvas.cs
inventory-and-automated-scan-only	Editor/Graph/GraphLayoutAsset.cs
inventory-and-automated-scan-only	Editor/Graph/GraphShowcaseBuilder.cs
inventory-and-automated-scan-only	Editor/Graph/GraphWorkbenchWindow.Clipboard.cs
focused-source-read	Editor/Graph/GraphWorkbenchWindow.cs
inventory-and-automated-scan-only	Editor/Graph/GraphWorkbenchWindow.Diagnostics.cs
inventory-and-automated-scan-only	Editor/Graph/GraphWorkbenchWindow.Graph.cs
inventory-and-automated-scan-only	Editor/Graph/GraphWorkbenchWindow.Inspector.cs
inventory-and-automated-scan-only	Editor/Graph/RaiseArcBalancePanel.cs
inventory-and-automated-scan-only	Editor/Graph/RaiseArcEndingTestPanel.cs
inventory-and-automated-scan-only	Editor/Graph/RaiseArcGraphSimulation.cs
inventory-and-automated-scan-only	Editor/Graph/RaiseArcNodeDetails.cs
inventory-and-automated-scan-only	Editor/Graph/RaiseArcNodeSearch.cs
inventory-and-automated-scan-only	Editor/Graph/RaiseArcSimulationWindow.cs
inventory-and-automated-scan-only	Editor/Graph/RaiseArcTracePlayback.cs
inventory-and-automated-scan-only	Editor/Graph/Tests/GraphWorkbenchTests.cs
inventory-and-automated-scan-only	Editor/Graph/Tests/KoreanWorkbenchTests.cs
inventory-and-automated-scan-only	Editor/Graph/Tests/RaiseArcBalanceWindowTests.cs
inventory-and-automated-scan-only	Editor/Graph/Tests/RaiseArcScreenCompositionTests.cs
inventory-and-automated-scan-only	Editor/Graph/Tests/RaiseArcSimulationWindowTests.cs
inventory-and-automated-scan-only	Editor/Graph/Tests/RaiseArcTimePlanTests.cs
focused-source-read	Editor/Integration/AuthoringPipeServer.cs
inventory-and-automated-scan-only	Editor/Integration/RaiseArcBalanceCommands.cs
inventory-and-automated-scan-only	Editor/Integration/RaiseArcBalanceComparisonFile.cs
inventory-and-automated-scan-only	Editor/Integration/RaiseArcBalanceExample.cs
inventory-and-automated-scan-only	Editor/Integration/RaiseArcBalanceTestAsset.cs
inventory-and-automated-scan-only	Editor/Integration/RaiseArcBalanceTestInspector.cs
inventory-and-automated-scan-only	Editor/Integration/RaiseArcBalanceTests.cs
inventory-and-automated-scan-only	Editor/Integration/RaiseArcEndingReplayJobs.cs
inventory-and-automated-scan-only	Editor/Integration/RaiseArcEndingTestAsset.cs
inventory-and-automated-scan-only	Editor/Integration/RaiseArcEndingTestCommands.cs
inventory-and-automated-scan-only	Editor/Integration/RaiseArcEndingTestExample.cs
inventory-and-automated-scan-only	Editor/Integration/RaiseArcEndingTestInspector.cs
inventory-and-automated-scan-only	Editor/Integration/RaiseArcGameCreation.cs
inventory-and-automated-scan-only	Editor/Integration/RaiseArcGameScreenAuthoring.cs
inventory-and-automated-scan-only	Editor/Integration/RaiseArcGameScreenCommands.cs
inventory-and-automated-scan-only	Editor/Integration/RaiseArcGameScreenInspector.cs
inventory-and-automated-scan-only	Editor/Integration/RaiseArcRulesExamples.cs
inventory-and-automated-scan-only	Editor/Integration/RaiseArcScreenComposer.cs
inventory-and-automated-scan-only	Editor/Integration/RaiseArcSimulationExample.cs
inventory-and-automated-scan-only	Editor/Integration/RaiseArcSimulationJobs.cs
inventory-and-automated-scan-only	Editor/Integration/RaiseArcTestSuiteAsset.cs
inventory-and-automated-scan-only	Editor/Integration/RaiseArcTimePlanEditor.cs
focused-source-read	Editor/Integration/WindowsPipeFactory.cs
inventory-and-automated-scan-only	Editor/Localization/GameScreenPrefabBuilder.cs
inventory-and-automated-scan-only	Editor/Localization/LocalizationTableBridge.cs
inventory-and-automated-scan-only	Editor/Localization/PresentationSampleBuilder.cs
focused-source-read	Editor/Localization/RaiseArcBasicGameSetup.cs
inventory-and-automated-scan-only	Editor/Localization/RaiseArcGameScreenBuild.cs
inventory-and-automated-scan-only	Editor/Localization/RaiseArcGameSetupWindow.cs
inventory-and-automated-scan-only	Editor/Localization/RaiseArcWeeklyPlannerExample.cs
focused-source-read	Editor/Localization/SampleSceneBuilder.cs
focused-source-read	Editor/NativeUI/RaiseArcMonthlyUIExample.cs
focused-source-read	Editor/NativeUI/RaiseArcNativeUIExample.cs
focused-source-read	Editor/NativeUI/RaiseArcNextDayUIExample.cs
inventory-and-automated-scan-only	Editor/NativeUI/RaiseArcUIBindingsInspector.cs
inventory-and-automated-scan-only	Editor/Shared/StudioText.cs
inventory-and-automated-scan-only	Editor/Validation/LocalizationLayoutAudit.cs
inventory-and-automated-scan-only	Integrations/MCP/princess_mcp.py
inventory-and-automated-scan-only	Integrations/MCP/raisearc_mcp.py
inventory-and-automated-scan-only	Runtime/Composer/ForestSampleEndpoint.cs
inventory-and-automated-scan-only	Runtime/Composer/RaiseArcGiftExtension.cs
inventory-and-automated-scan-only	Runtime/Composer/RaiseArcIntegrationScreen.cs
inventory-and-automated-scan-only	Runtime/Composer/RaiseArcOutingModule.cs
inventory-and-automated-scan-only	Runtime/Composer/SampleGameController.cs
inventory-and-automated-scan-only	Runtime/Composer/SampleGameController.Template.cs
inventory-and-automated-scan-only	Runtime/Core/Authoring/AuthoringService.cs
inventory-and-automated-scan-only	Runtime/Core/Authoring/ContentIndex.cs
inventory-and-automated-scan-only	Runtime/Core/Authoring/GraphProjection.cs
inventory-and-automated-scan-only	Runtime/Core/Authoring/PresentationAuthoring.cs
inventory-and-automated-scan-only	Runtime/Core/Authoring/RaiseArcActivityCopy.cs
inventory-and-automated-scan-only	Runtime/Core/Authoring/WorkbenchAuthoring.cs
inventory-and-automated-scan-only	Runtime/Core/Content/EventSequence.cs
inventory-and-automated-scan-only	Runtime/Core/Content/PresentationDefinition.cs
inventory-and-automated-scan-only	Runtime/Core/Content/ProjectDefinition.cs
inventory-and-automated-scan-only	Runtime/Core/Content/RaiseArcActivityRules.cs
inventory-and-automated-scan-only	Runtime/Core/Content/RaiseArcFlowReuse.cs
inventory-and-automated-scan-only	Runtime/Core/Content/RaiseArcGamePlan.cs
inventory-and-automated-scan-only	Runtime/Core/Content/RaiseArcReusableRules.cs
inventory-and-automated-scan-only	Runtime/Core/Content/RaiseArcTimePlanRules.cs
inventory-and-automated-scan-only	Runtime/Core/Modules/Contracts.cs
inventory-and-automated-scan-only	Runtime/Core/Modules/RaiseArcExtensionDefinition.cs
inventory-and-automated-scan-only	Runtime/Core/Simulation/GameSession.cs
inventory-and-automated-scan-only	Runtime/Core/Simulation/GameSession.Presentation.cs
inventory-and-automated-scan-only	Runtime/Core/Simulation/GameSession.Trace.cs
inventory-and-automated-scan-only	Runtime/Core/Simulation/GameState.cs
inventory-and-automated-scan-only	Runtime/Core/Simulation/RaiseArcActivityAvailability.cs
inventory-and-automated-scan-only	Runtime/Core/Simulation/RaiseArcAnalysisAdapters.cs
inventory-and-automated-scan-only	Runtime/Core/Simulation/RaiseArcBalanceLedger.cs
inventory-and-automated-scan-only	Runtime/Core/Simulation/RaiseArcBalanceTest.cs
inventory-and-automated-scan-only	Runtime/Core/Simulation/RaiseArcEndingTest.cs
inventory-and-automated-scan-only	Runtime/Core/Simulation/RaiseArcGameplayRandom.cs
inventory-and-automated-scan-only	Runtime/Core/Simulation/RaiseArcModelComparison.cs
inventory-and-automated-scan-only	Runtime/Core/Simulation/RaiseArcRuntimeObservations.cs
inventory-and-automated-scan-only	Runtime/Core/Simulation/RaiseArcSimulationBalance.cs
inventory-and-automated-scan-only	Runtime/Core/Simulation/RaiseArcSimulationContracts.cs
inventory-and-automated-scan-only	Runtime/Core/Simulation/RaiseArcSimulationExplorer.cs
inventory-and-automated-scan-only	Runtime/Core/Simulation/RaiseArcSimulationIdentity.cs
inventory-and-automated-scan-only	Runtime/Core/Simulation/RuleEngine.cs
inventory-and-automated-scan-only	Runtime/Core/Validation/EventSequenceValidator.cs
inventory-and-automated-scan-only	Runtime/Core/Validation/PlaythroughSimulator.cs
inventory-and-automated-scan-only	Runtime/Core/Validation/PresentationValidator.cs
inventory-and-automated-scan-only	Runtime/Core/Validation/ProjectValidator.cs
inventory-and-automated-scan-only	Runtime/Localization/LocalizedAssetBindings.cs
inventory-and-automated-scan-only	Runtime/Localization/LocalizedLabelBinding.cs
inventory-and-automated-scan-only	Runtime/Localization/RaiseArcDialogueVoice.cs
inventory-and-automated-scan-only	Runtime/NativeUI/RaiseArcGame.cs
inventory-and-automated-scan-only	Runtime/NativeUI/RaiseArcUIBindings.cs
inventory-and-automated-scan-only	Runtime/NativeUI/RaiseArcUIConnection.cs
inventory-and-automated-scan-only	Runtime/NativeUI/RaiseArcUIDocument.cs
focused-source-read	Runtime/Unity/AuthoringCommandGateway.cs
inventory-and-automated-scan-only	Runtime/Unity/GameProjectAsset.cs
inventory-and-automated-scan-only	Runtime/Unity/JsonRootFields.cs
inventory-and-automated-scan-only	Runtime/Unity/PresentationSkin.cs
inventory-and-automated-scan-only	Runtime/Unity/PresentationStage.cs
inventory-and-automated-scan-only	Runtime/Unity/RaiseArcComposedScreen.cs
inventory-and-automated-scan-only	Runtime/Unity/RaiseArcExtensionAsset.cs
inventory-and-automated-scan-only	Runtime/Unity/RaiseArcGameScreenSettings.cs
inventory-and-automated-scan-only	Runtime/Unity/RaiseArcPlanningRehearsal.cs
inventory-and-automated-scan-only	Runtime/Unity/RaiseArcScreenComposition.cs
inventory-and-automated-scan-only	Runtime/Unity/RaiseArcSessionHost.cs
inventory-and-automated-scan-only	Runtime/Unity/Localization/TranslationCsv.cs
inventory-and-automated-scan-only	Runtime/Unity/Modules/CustomSceneAdapter.cs
focused-source-read	Runtime/Unity/Persistence/SaveStore.cs
